img_name,img_result
./synthesis_images/2a93b546-cfc4-11e8-bcde-001a7dda7111.jpg,0
./synthesis_images/2a949dca-cfc4-11e8-a068-001a7dda7111.jpg,0
./synthesis_images/2a960de8-cfc4-11e8-ab9d-001a7dda7111.jpg,0
./synthesis_images/2a9a3786-cfc4-11e8-8920-001a7dda7111.jpg,0
./synthesis_images/2a9dece4-cfc4-11e8-ae3f-001a7dda7111.jpg,0
./synthesis_images/2a9ed568-cfc4-11e8-ae19-001a7dda7111.jpg,0
./synthesis_images/2aa03224-cfc4-11e8-8bc3-001a7dda7111.jpg,0
./synthesis_images/2aa3e782-cfc4-11e8-bf4e-001a7dda7111.jpg,0
./synthesis_images/2aa7fdc2-cfc4-11e8-bf90-001a7dda7111.jpg,0
./synthesis_images/2aa8d2e4-cfc4-11e8-a552-001a7dda7111.jpg,0
./synthesis_images/2aaa4300-cfc4-11e8-a5e7-001a7dda7111.jpg,0
./synthesis_images/2aae1f24-cfc4-11e8-a56b-001a7dda7111.jpg,0
./synthesis_images/2ab20ea2-cfc4-11e8-abfd-001a7dda7111.jpg,1
./synthesis_images/2ab2e3c6-cfc4-11e8-aaaa-001a7dda7111.jpg,1
./synthesis_images/2ab42d22-cfc4-11e8-851e-001a7dda7111.jpg,1
./synthesis_images/2ab7cf22-cfc4-11e8-aedd-001a7dda7111.jpg,1
./synthesis_images/2abb97de-cfc4-11e8-bd44-001a7dda7111.jpg,1
./synthesis_images/2abc6d00-cfc4-11e8-9a46-001a7dda7111.jpg,1
./synthesis_images/2abdc9c0-cfc4-11e8-ba8b-001a7dda7111.jpg,1
./synthesis_images/2ac1b942-cfc4-11e8-9959-001a7dda7111.jpg,1
./synthesis_images/2ac55b3e-cfc4-11e8-a7b7-001a7dda7111.jpg,0
./synthesis_images/2ac643c0-cfc4-11e8-8160-001a7dda7111.jpg,0
./synthesis_images/2ac7a080-cfc4-11e8-8764-001a7dda7111.jpg,0
./synthesis_images/2ad1507e-cfc4-11e8-a30c-001a7dda7111.jpg,0
./synthesis_images/2ad54000-cfc4-11e8-a42d-001a7dda7111.jpg,1
./synthesis_images/2ad6287e-cfc4-11e8-b171-001a7dda7111.jpg,1
./synthesis_images/2ad771dc-cfc4-11e8-8817-001a7dda7111.jpg,1
./synthesis_images/2adb13da-cfc4-11e8-9dbf-001a7dda7111.jpg,1
./synthesis_images/2adec93e-cfc4-11e8-b6ca-001a7dda7111.jpg,1
./synthesis_images/2adfb1be-cfc4-11e8-8583-001a7dda7111.jpg,1
./synthesis_images/2ae121de-cfc4-11e8-bc84-001a7dda7111.jpg,1
./synthesis_images/2ae4fdf8-cfc4-11e8-af8b-001a7dda7111.jpg,1
./synthesis_images/2ae8b35c-cfc4-11e8-8e51-001a7dda7111.jpg,0
./synthesis_images/2ae9887e-cfc4-11e8-9633-001a7dda7111.jpg,0
./synthesis_images/2aeae538-cfc4-11e8-a4ec-001a7dda7111.jpg,0
./synthesis_images/2aee8738-cfc4-11e8-83e4-001a7dda7111.jpg,0
./synthesis_images/2af23c98-cfc4-11e8-b24c-001a7dda7111.jpg,0
./synthesis_images/2af311ba-cfc4-11e8-93d7-001a7dda7111.jpg,0
./synthesis_images/2af45b18-cfc4-11e8-9e58-001a7dda7111.jpg,0
./synthesis_images/2af823da-cfc4-11e8-bf8c-001a7dda7111.jpg,0
./synthesis_images/2afbc5dc-cfc4-11e8-9d8d-001a7dda7111.jpg,0
./synthesis_images/2afc9af6-cfc4-11e8-99c6-001a7dda7111.jpg,0
./synthesis_images/2afdf7b6-cfc4-11e8-b600-001a7dda7111.jpg,0
./synthesis_images/2b01c074-cfc4-11e8-9eda-001a7dda7111.jpg,0
./synthesis_images/2b0575d8-cfc4-11e8-8fd0-001a7dda7111.jpg,0
./synthesis_images/2b064afa-cfc4-11e8-bd29-001a7dda7111.jpg,0
./synthesis_images/2b07a7b6-cfc4-11e8-85af-001a7dda7111.jpg,0
./synthesis_images/2b0b5d18-cfc4-11e8-82ba-001a7dda7111.jpg,0
./synthesis_images/2b0f1274-cfc4-11e8-8a54-001a7dda7111.jpg,0
./synthesis_images/2b0fe79a-cfc4-11e8-9933-001a7dda7111.jpg,0
./synthesis_images/2b114452-cfc4-11e8-9d95-001a7dda7111.jpg,0
./synthesis_images/2b150d18-cfc4-11e8-8512-001a7dda7111.jpg,0
./synthesis_images/2b18c274-cfc4-11e8-871e-001a7dda7111.jpg,0
./synthesis_images/2b199794-cfc4-11e8-8a0e-001a7dda7111.jpg,0
./synthesis_images/2b1af450-cfc4-11e8-b492-001a7dda7111.jpg,0
./synthesis_images/2b1ebd12-cfc4-11e8-a314-001a7dda7111.jpg,0
./synthesis_images/2b2285d2-cfc4-11e8-861a-001a7dda7111.jpg,0
./synthesis_images/2b235af0-cfc4-11e8-99ef-001a7dda7111.jpg,0
./synthesis_images/2b24a450-cfc4-11e8-a8f1-001a7dda7111.jpg,0
./synthesis_images/2b28806e-cfc4-11e8-8237-001a7dda7111.jpg,0
./synthesis_images/2b2c6ff4-cfc4-11e8-8d0a-001a7dda7111.jpg,0
./synthesis_images/2b2d7f2e-cfc4-11e8-9c3b-001a7dda7111.jpg,0
./synthesis_images/2b2f8a50-cfc4-11e8-964b-001a7dda7111.jpg,0
./synthesis_images/2b3e5fca-cfc4-11e8-b3bb-001a7dda7111.jpg,0
./synthesis_images/2b46b30a-cfc4-11e8-845e-001a7dda7111.jpg,0
./synthesis_images/2b47fc70-cfc4-11e8-b298-001a7dda7111.jpg,0
./synthesis_images/2b49ba0c-cfc4-11e8-b7e8-001a7dda7111.jpg,0
./synthesis_images/2b4d9628-cfc4-11e8-9263-001a7dda7111.jpg,0
./synthesis_images/2b5185ae-cfc4-11e8-9e68-001a7dda7111.jpg,0
./synthesis_images/2b525aca-cfc4-11e8-8ced-001a7dda7111.jpg,0
./synthesis_images/2b53a42c-cfc4-11e8-ae12-001a7dda7111.jpg,0
./synthesis_images/2b575988-cfc4-11e8-8075-001a7dda7111.jpg,0
./synthesis_images/2b5b0ee8-cfc4-11e8-aeb9-001a7dda7111.jpg,1
./synthesis_images/2b5be40a-cfc4-11e8-96a1-001a7dda7111.jpg,1
./synthesis_images/2b5d40c6-cfc4-11e8-919b-001a7dda7111.jpg,1
./synthesis_images/2b60f628-cfc4-11e8-a76a-001a7dda7111.jpg,1
./synthesis_images/2b64ab86-cfc4-11e8-a166-001a7dda7111.jpg,0
./synthesis_images/2b659406-cfc4-11e8-ace4-001a7dda7111.jpg,0
./synthesis_images/2b66f0c8-cfc4-11e8-b171-001a7dda7111.jpg,0
./synthesis_images/2b6ab982-cfc4-11e8-8314-001a7dda7111.jpg,0
./synthesis_images/2b6e8246-cfc4-11e8-b04a-001a7dda7111.jpg,0
./synthesis_images/2b6f5764-cfc4-11e8-b09f-001a7dda7111.jpg,0
./synthesis_images/2b70b424-cfc4-11e8-bf48-001a7dda7111.jpg,0
./synthesis_images/2b746986-cfc4-11e8-9f25-001a7dda7111.jpg,0
./synthesis_images/2b7845a8-cfc4-11e8-8815-001a7dda7111.jpg,1
./synthesis_images/2b791ac6-cfc4-11e8-953c-001a7dda7111.jpg,1
./synthesis_images/2b7a6422-cfc4-11e8-a752-001a7dda7111.jpg,1
./synthesis_images/2b7e1982-cfc4-11e8-bc24-001a7dda7111.jpg,1
./synthesis_images/2b81bb80-cfc4-11e8-9790-001a7dda7111.jpg,0
./synthesis_images/2b8290a4-cfc4-11e8-abda-001a7dda7111.jpg,0
./synthesis_images/2b83ed5e-cfc4-11e8-875e-001a7dda7111.jpg,0
./synthesis_images/2b878f62-cfc4-11e8-ba38-001a7dda7111.jpg,0
./synthesis_images/2b8b3162-cfc4-11e8-a5b3-001a7dda7111.jpg,0
./synthesis_images/2b8c0680-cfc4-11e8-b492-001a7dda7111.jpg,0
./synthesis_images/2b92fd0c-cfc4-11e8-b8b5-001a7dda7111.jpg,0
./synthesis_images/2b99a608-cfc4-11e8-bbd2-001a7dda7111.jpg,0
./synthesis_images/2ba2f522-cfc4-11e8-b1cb-001a7dda7111.jpg,1
./synthesis_images/2ba3ca46-cfc4-11e8-a308-001a7dda7111.jpg,1
./synthesis_images/2ba53a62-cfc4-11e8-8ac3-001a7dda7111.jpg,1
./synthesis_images/2ba90324-cfc4-11e8-805d-001a7dda7111.jpg,1
./synthesis_images/2bacb87a-cfc4-11e8-8538-001a7dda7111.jpg,1
./synthesis_images/2bada0fa-cfc4-11e8-bc98-001a7dda7111.jpg,1
./synthesis_images/2baf855e-cfc4-11e8-be41-001a7dda7111.jpg,1
./synthesis_images/2bb39b9e-cfc4-11e8-8d0d-001a7dda7111.jpg,1
./synthesis_images/2bb84cdc-cfc4-11e8-9519-001a7dda7111.jpg,0
./synthesis_images/2bb948be-cfc4-11e8-bfb9-001a7dda7111.jpg,0
./synthesis_images/2bbacc36-cfc4-11e8-b8b2-001a7dda7111.jpg,0
./synthesis_images/2bbf0936-cfc4-11e8-ad48-001a7dda7111.jpg,0
./synthesis_images/2bc2e55c-cfc4-11e8-af44-001a7dda7111.jpg,0
./synthesis_images/2bc3cdd8-cfc4-11e8-9c18-001a7dda7111.jpg,0
./synthesis_images/2bc52a98-cfc4-11e8-9d36-001a7dda7111.jpg,0
./synthesis_images/2bc8f354-cfc4-11e8-be57-001a7dda7111.jpg,0
./synthesis_images/2bcca8b4-cfc4-11e8-b993-001a7dda7111.jpg,0
./synthesis_images/2bcda498-cfc4-11e8-8033-001a7dda7111.jpg,0
./synthesis_images/2bcf0152-cfc4-11e8-ab0f-001a7dda7111.jpg,0
./synthesis_images/2bd2a352-cfc4-11e8-ac66-001a7dda7111.jpg,0
./synthesis_images/2bd61e9a-cfc4-11e8-bfd1-001a7dda7111.jpg,0
./synthesis_images/2bd70718-cfc4-11e8-8af6-001a7dda7111.jpg,0
./synthesis_images/2bd87734-cfc4-11e8-b60b-001a7dda7111.jpg,0
./synthesis_images/2bdc05d4-cfc4-11e8-b97b-001a7dda7111.jpg,0
./synthesis_images/2bdfa7da-cfc4-11e8-985b-001a7dda7111.jpg,1
./synthesis_images/2be0905a-cfc4-11e8-8a4a-001a7dda7111.jpg,1
./synthesis_images/2be1ed14-cfc4-11e8-887e-001a7dda7111.jpg,1
./synthesis_images/2be58f18-cfc4-11e8-9c65-001a7dda7111.jpg,1
./synthesis_images/2be90a52-cfc4-11e8-88b4-001a7dda7111.jpg,0
./synthesis_images/2be9f2d2-cfc4-11e8-a61c-001a7dda7111.jpg,0
./synthesis_images/2beb4f90-cfc4-11e8-afbb-001a7dda7111.jpg,0
./synthesis_images/2beef190-cfc4-11e8-9062-001a7dda7111.jpg,0
./synthesis_images/2bf2802e-cfc4-11e8-960b-001a7dda7111.jpg,0
./synthesis_images/2bf368b0-cfc4-11e8-a7bc-001a7dda7111.jpg,0
./synthesis_images/2bf4d8d0-cfc4-11e8-912c-001a7dda7111.jpg,0
./synthesis_images/2bf8a192-cfc4-11e8-88d8-001a7dda7111.jpg,0
./synthesis_images/2bfc096e-cfc4-11e8-b2b4-001a7dda7111.jpg,0
./synthesis_images/2bfccb30-cfc4-11e8-85e9-001a7dda7111.jpg,0
./synthesis_images/2bfe27ee-cfc4-11e8-a832-001a7dda7111.jpg,0
./synthesis_images/2c01f0ac-cfc4-11e8-966a-001a7dda7111.jpg,0
./synthesis_images/2c05a610-cfc4-11e8-85ae-001a7dda7111.jpg,0
./synthesis_images/2c067b2c-cfc4-11e8-a3c6-001a7dda7111.jpg,0
./synthesis_images/2c07d7ec-cfc4-11e8-9692-001a7dda7111.jpg,0
./synthesis_images/2c0b8d50-cfc4-11e8-bcf8-001a7dda7111.jpg,0
./synthesis_images/2c0f42ae-cfc4-11e8-8cf2-001a7dda7111.jpg,0
./synthesis_images/2c10046c-cfc4-11e8-9ecb-001a7dda7111.jpg,0
./synthesis_images/2c1187ec-cfc4-11e8-8a20-001a7dda7111.jpg,0
./synthesis_images/2c153d48-cfc4-11e8-a345-001a7dda7111.jpg,0
./synthesis_images/2c18df4a-cfc4-11e8-80ca-001a7dda7111.jpg,1
./synthesis_images/2c19b46e-cfc4-11e8-aeb1-001a7dda7111.jpg,1
./synthesis_images/2c1b1128-cfc4-11e8-9ab1-001a7dda7111.jpg,1
./synthesis_images/2c1eb326-cfc4-11e8-8b00-001a7dda7111.jpg,1
./synthesis_images/2c2241cc-cfc4-11e8-a742-001a7dda7111.jpg,0
./synthesis_images/2c2316ee-cfc4-11e8-8001-001a7dda7111.jpg,0
./synthesis_images/2c2473a8-cfc4-11e8-bc05-001a7dda7111.jpg,0
./synthesis_images/2c282908-cfc4-11e8-86ab-001a7dda7111.jpg,0
./synthesis_images/2c2c2be6-cfc4-11e8-97a7-001a7dda7111.jpg,0
./synthesis_images/2c2d010a-cfc4-11e8-97b0-001a7dda7111.jpg,0
./synthesis_images/2c2ee566-cfc4-11e8-b654-001a7dda7111.jpg,0
./synthesis_images/2c32ae28-cfc4-11e8-8cc0-001a7dda7111.jpg,0
./synthesis_images/2c366390-cfc4-11e8-ad36-001a7dda7111.jpg,0
./synthesis_images/2c3738a8-cfc4-11e8-98f2-001a7dda7111.jpg,0
./synthesis_images/2c38a8cc-cfc4-11e8-95bd-001a7dda7111.jpg,0
./synthesis_images/2c3c7182-cfc4-11e8-8c6b-001a7dda7111.jpg,0
./synthesis_images/2c4599e6-cfc4-11e8-ad50-001a7dda7111.jpg,0
./synthesis_images/2c46a926-cfc4-11e8-b0fc-001a7dda7111.jpg,0
./synthesis_images/2c4805e4-cfc4-11e8-ba88-001a7dda7111.jpg,0
./synthesis_images/2c4bcea4-cfc4-11e8-b736-001a7dda7111.jpg,0
./synthesis_images/2c4fd186-cfc4-11e8-aa06-001a7dda7111.jpg,0
./synthesis_images/2c50a6a4-cfc4-11e8-b521-001a7dda7111.jpg,0
./synthesis_images/2c522a24-cfc4-11e8-9d5c-001a7dda7111.jpg,0
./synthesis_images/2c573c46-cfc4-11e8-a3ab-001a7dda7111.jpg,0
./synthesis_images/2c5b2bdc-cfc4-11e8-bf64-001a7dda7111.jpg,0
./synthesis_images/2c5c3b08-cfc4-11e8-a65f-001a7dda7111.jpg,0
./synthesis_images/2c5dab1e-cfc4-11e8-a7d0-001a7dda7111.jpg,0
./synthesis_images/2c61e81e-cfc4-11e8-af4c-001a7dda7111.jpg,0
./synthesis_images/2c65c43e-cfc4-11e8-a4af-001a7dda7111.jpg,0
./synthesis_images/2c669962-cfc4-11e8-9282-001a7dda7111.jpg,0
./synthesis_images/2c67f61c-cfc4-11e8-8088-001a7dda7111.jpg,0
./synthesis_images/2c6bd23a-cfc4-11e8-91a4-001a7dda7111.jpg,0
./synthesis_images/2c6fae5e-cfc4-11e8-86d5-001a7dda7111.jpg,0
./synthesis_images/2c7096dc-cfc4-11e8-bd4c-001a7dda7111.jpg,0
./synthesis_images/2c71e038-cfc4-11e8-b0d8-001a7dda7111.jpg,0
./synthesis_images/2c75cfb8-cfc4-11e8-91d1-001a7dda7111.jpg,0
./synthesis_images/2c79bf3e-cfc4-11e8-9bd0-001a7dda7111.jpg,1
./synthesis_images/2c7af53e-cfc4-11e8-a227-001a7dda7111.jpg,1
./synthesis_images/2c7c655c-cfc4-11e8-8b81-001a7dda7111.jpg,1
./synthesis_images/2c807b9e-cfc4-11e8-b25d-001a7dda7111.jpg,1
./synthesis_images/2c847e7e-cfc4-11e8-b97f-001a7dda7111.jpg,0
./synthesis_images/2c8566fa-cfc4-11e8-a515-001a7dda7111.jpg,0
./synthesis_images/2c86b058-cfc4-11e8-afa0-001a7dda7111.jpg,0
./synthesis_images/2c8a791c-cfc4-11e8-ab66-001a7dda7111.jpg,0
./synthesis_images/2c8e7bf8-cfc4-11e8-a298-001a7dda7111.jpg,0
./synthesis_images/2c8f6478-cfc4-11e8-b735-001a7dda7111.jpg,0
./synthesis_images/2c90d494-cfc4-11e8-9f9d-001a7dda7111.jpg,0
./synthesis_images/2c94eada-cfc4-11e8-93e1-001a7dda7111.jpg,0
./synthesis_images/2c988cda-cfc4-11e8-bf8b-001a7dda7111.jpg,0
./synthesis_images/2c9961f8-cfc4-11e8-829d-001a7dda7111.jpg,0
./synthesis_images/2c9abeb6-cfc4-11e8-a2e2-001a7dda7111.jpg,0
./synthesis_images/2c9e9ad4-cfc4-11e8-8bda-001a7dda7111.jpg,0
./synthesis_images/2ca276f8-cfc4-11e8-ab49-001a7dda7111.jpg,0
./synthesis_images/2ca35f78-cfc4-11e8-a660-001a7dda7111.jpg,0
./synthesis_images/2ca4bc30-cfc4-11e8-8cde-001a7dda7111.jpg,0
./synthesis_images/2ca89852-cfc4-11e8-8b19-001a7dda7111.jpg,0
./synthesis_images/2cac87d2-cfc4-11e8-b5e4-001a7dda7111.jpg,0
./synthesis_images/2cad5cfa-cfc4-11e8-b8d6-001a7dda7111.jpg,0
./synthesis_images/2caeb9b4-cfc4-11e8-b4cf-001a7dda7111.jpg,0
./synthesis_images/2cb330da-cfc4-11e8-adc0-001a7dda7111.jpg,0
./synthesis_images/2cb808d4-cfc4-11e8-8ddd-001a7dda7111.jpg,0
./synthesis_images/2cb8f158-cfc4-11e8-b837-001a7dda7111.jpg,0
./synthesis_images/2cba6174-cfc4-11e8-90bf-001a7dda7111.jpg,0
./synthesis_images/2cbe77b4-cfc4-11e8-bcf3-001a7dda7111.jpg,0
./synthesis_images/2cc28e00-cfc4-11e8-a1d3-001a7dda7111.jpg,0
./synthesis_images/2cc37670-cfc4-11e8-987a-001a7dda7111.jpg,0
./synthesis_images/2cc4d32e-cfc4-11e8-a457-001a7dda7111.jpg,0
./synthesis_images/2cc9d1f4-cfc4-11e8-9a27-001a7dda7111.jpg,0
./synthesis_images/2cdc96ee-cfc4-11e8-b419-001a7dda7111.jpg,0
./synthesis_images/2cde7b52-cfc4-11e8-b7c5-001a7dda7111.jpg,0
./synthesis_images/2ce1cfca-cfc4-11e8-8c7c-001a7dda7111.jpg,0
./synthesis_images/2ce6338a-cfc4-11e8-abc0-001a7dda7111.jpg,0
./synthesis_images/2ce9fc4c-cfc4-11e8-82a1-001a7dda7111.jpg,1
./synthesis_images/2cead16c-cfc4-11e8-8a77-001a7dda7111.jpg,1
./synthesis_images/2cec1ac6-cfc4-11e8-b7ee-001a7dda7111.jpg,1
./synthesis_images/2cefd028-cfc4-11e8-a4c2-001a7dda7111.jpg,1
./synthesis_images/2cf398f0-cfc4-11e8-94e8-001a7dda7111.jpg,0
./synthesis_images/2cf48168-cfc4-11e8-aa4f-001a7dda7111.jpg,0
./synthesis_images/2cf5de24-cfc4-11e8-a5e8-001a7dda7111.jpg,0
./synthesis_images/2cf99386-cfc4-11e8-a3c7-001a7dda7111.jpg,0
./synthesis_images/2cfd5c46-cfc4-11e8-a610-001a7dda7111.jpg,0
./synthesis_images/2cfe316c-cfc4-11e8-9bd0-001a7dda7111.jpg,0
./synthesis_images/2cff8e24-cfc4-11e8-a255-001a7dda7111.jpg,0
./synthesis_images/2d036a46-cfc4-11e8-96b2-001a7dda7111.jpg,0
./synthesis_images/2d074664-cfc4-11e8-b439-001a7dda7111.jpg,1
./synthesis_images/2d081b86-cfc4-11e8-8cd7-001a7dda7111.jpg,1
./synthesis_images/2d0964e6-cfc4-11e8-891e-001a7dda7111.jpg,1
./synthesis_images/2d0d06e4-cfc4-11e8-a068-001a7dda7111.jpg,1
./synthesis_images/2d10bc42-cfc4-11e8-9df9-001a7dda7111.jpg,0
./synthesis_images/2d119162-cfc4-11e8-bce3-001a7dda7111.jpg,0
./synthesis_images/2d12dac0-cfc4-11e8-951d-001a7dda7111.jpg,0
./synthesis_images/2d167cc0-cfc4-11e8-b247-001a7dda7111.jpg,0
./synthesis_images/2d1a3222-cfc4-11e8-85e0-001a7dda7111.jpg,0
./synthesis_images/2d1b0740-cfc4-11e8-9b06-001a7dda7111.jpg,0
./synthesis_images/2d1c6400-cfc4-11e8-9d4c-001a7dda7111.jpg,0
./synthesis_images/2d200600-cfc4-11e8-a20e-001a7dda7111.jpg,0
./synthesis_images/2d23a7fe-cfc4-11e8-8c29-001a7dda7111.jpg,0
./synthesis_images/2d24907e-cfc4-11e8-bb1e-001a7dda7111.jpg,0
./synthesis_images/2d25d9e2-cfc4-11e8-a893-001a7dda7111.jpg,0
./synthesis_images/2d298f42-cfc4-11e8-8d71-001a7dda7111.jpg,0
./synthesis_images/2d2e0662-cfc4-11e8-bac1-001a7dda7111.jpg,0
./synthesis_images/2d2eeee2-cfc4-11e8-9df8-001a7dda7111.jpg,0
./synthesis_images/2d305efa-cfc4-11e8-a8f0-001a7dda7111.jpg,0
./synthesis_images/2d343b1c-cfc4-11e8-992f-001a7dda7111.jpg,0
./synthesis_images/2d383dfe-cfc4-11e8-8edc-001a7dda7111.jpg,0
./synthesis_images/2d39131c-cfc4-11e8-b7cc-001a7dda7111.jpg,0
./synthesis_images/2d3a6fdc-cfc4-11e8-a90d-001a7dda7111.jpg,0
./synthesis_images/2d3e2540-cfc4-11e8-9fbe-001a7dda7111.jpg,0
./synthesis_images/2d41c73a-cfc4-11e8-b93c-001a7dda7111.jpg,0
./synthesis_images/2d429c64-cfc4-11e8-8a3f-001a7dda7111.jpg,0
./synthesis_images/2d43f918-cfc4-11e8-b6de-001a7dda7111.jpg,0
./synthesis_images/2d47d53a-cfc4-11e8-acb0-001a7dda7111.jpg,0
./synthesis_images/2d4b9dfa-cfc4-11e8-8066-001a7dda7111.jpg,0
./synthesis_images/2d4c731c-cfc4-11e8-8c94-001a7dda7111.jpg,0
./synthesis_images/2d4de33a-cfc4-11e8-812b-001a7dda7111.jpg,0
./synthesis_images/2d51989a-cfc4-11e8-9ae0-001a7dda7111.jpg,0
./synthesis_images/2d5574b8-cfc4-11e8-bd36-001a7dda7111.jpg,0
./synthesis_images/2d565d3e-cfc4-11e8-b028-001a7dda7111.jpg,0
./synthesis_images/2d57b9f6-cfc4-11e8-b255-001a7dda7111.jpg,0
./synthesis_images/2d5ba976-cfc4-11e8-a0bb-001a7dda7111.jpg,0
./synthesis_images/2d5fac5c-cfc4-11e8-96a3-001a7dda7111.jpg,1
./synthesis_images/2d6094de-cfc4-11e8-af51-001a7dda7111.jpg,1
./synthesis_images/2d6204f6-cfc4-11e8-86f4-001a7dda7111.jpg,1
./synthesis_images/2d65ba54-cfc4-11e8-908c-001a7dda7111.jpg,1
./synthesis_images/2d69a9da-cfc4-11e8-afcb-001a7dda7111.jpg,0
./synthesis_images/2d6a925a-cfc4-11e8-8ab3-001a7dda7111.jpg,0
./synthesis_images/2d6c0276-cfc4-11e8-b7c4-001a7dda7111.jpg,0
./synthesis_images/2d6fcb30-cfc4-11e8-bf5a-001a7dda7111.jpg,0
./synthesis_images/2d738094-cfc4-11e8-9ddf-001a7dda7111.jpg,0
./synthesis_images/2d746918-cfc4-11e8-b32f-001a7dda7111.jpg,0
./synthesis_images/2d75d934-cfc4-11e8-822b-001a7dda7111.jpg,0
./synthesis_images/2d7a8a76-cfc4-11e8-81e5-001a7dda7111.jpg,0
./synthesis_images/2d7eee34-cfc4-11e8-9f48-001a7dda7111.jpg,1
./synthesis_images/2d7fd6b0-cfc4-11e8-93fa-001a7dda7111.jpg,1
./synthesis_images/2d81336e-cfc4-11e8-9632-001a7dda7111.jpg,1
./synthesis_images/2d850f94-cfc4-11e8-91f6-001a7dda7111.jpg,1
./synthesis_images/2d88ff14-cfc4-11e8-8f88-001a7dda7111.jpg,0
./synthesis_images/2d89faf4-cfc4-11e8-aabf-001a7dda7111.jpg,0
./synthesis_images/2d8bb892-cfc4-11e8-92cb-001a7dda7111.jpg,0
./synthesis_images/2d901c54-cfc4-11e8-9a6e-001a7dda7111.jpg,0
./synthesis_images/2d93f874-cfc4-11e8-9df6-001a7dda7111.jpg,0
./synthesis_images/2d94e0ee-cfc4-11e8-ba75-001a7dda7111.jpg,0
./synthesis_images/2d9b89ee-cfc4-11e8-8990-001a7dda7111.jpg,0
./synthesis_images/2d9f796c-cfc4-11e8-b457-001a7dda7111.jpg,0
./synthesis_images/2da37c4a-cfc4-11e8-ad76-001a7dda7111.jpg,1
./synthesis_images/2da45170-cfc4-11e8-8497-001a7dda7111.jpg,1
./synthesis_images/2da59acc-cfc4-11e8-86d3-001a7dda7111.jpg,1
./synthesis_images/2da98a4a-cfc4-11e8-8a37-001a7dda7111.jpg,1
./synthesis_images/2dad2c4c-cfc4-11e8-b4ba-001a7dda7111.jpg,0
./synthesis_images/2dae0168-cfc4-11e8-870f-001a7dda7111.jpg,0
./synthesis_images/2daf4aca-cfc4-11e8-95e1-001a7dda7111.jpg,0
./synthesis_images/2db3138a-cfc4-11e8-bd1a-001a7dda7111.jpg,0
./synthesis_images/2db6c8ee-cfc4-11e8-b1e4-001a7dda7111.jpg,0
./synthesis_images/2db78aac-cfc4-11e8-864b-001a7dda7111.jpg,0
./synthesis_images/2db8fac8-cfc4-11e8-852e-001a7dda7111.jpg,0
./synthesis_images/2dbc9cc8-cfc4-11e8-a8b5-001a7dda7111.jpg,0
./synthesis_images/2dc004a8-cfc4-11e8-b06f-001a7dda7111.jpg,1
./synthesis_images/2dc0d9ca-cfc4-11e8-a8b8-001a7dda7111.jpg,1
./synthesis_images/2dc23686-cfc4-11e8-9373-001a7dda7111.jpg,1
./synthesis_images/2dc63964-cfc4-11e8-aafc-001a7dda7111.jpg,1
./synthesis_images/2dca1586-cfc4-11e8-bb8e-001a7dda7111.jpg,0
./synthesis_images/2dcb1166-cfc4-11e8-b147-001a7dda7111.jpg,0
./synthesis_images/2dcc8186-cfc4-11e8-b853-001a7dda7111.jpg,0
./synthesis_images/2dd07108-cfc4-11e8-a000-001a7dda7111.jpg,0
./synthesis_images/2dd439ca-cfc4-11e8-9da9-001a7dda7111.jpg,0
./synthesis_images/2dd50ee4-cfc4-11e8-a572-001a7dda7111.jpg,0
./synthesis_images/2dd67f06-cfc4-11e8-afb9-001a7dda7111.jpg,0
./synthesis_images/2dda5b24-cfc4-11e8-b04d-001a7dda7111.jpg,0
./synthesis_images/2dde4aa2-cfc4-11e8-a475-001a7dda7111.jpg,0
./synthesis_images/2ddf1fc8-cfc4-11e8-a299-001a7dda7111.jpg,0
./synthesis_images/2de07c86-cfc4-11e8-b077-001a7dda7111.jpg,0
./synthesis_images/2de4589e-cfc4-11e8-824c-001a7dda7111.jpg,0
./synthesis_images/2de80e02-cfc4-11e8-8549-001a7dda7111.jpg,0
./synthesis_images/2de8f688-cfc4-11e8-85b2-001a7dda7111.jpg,0
./synthesis_images/2dea3fde-cfc4-11e8-8b19-001a7dda7111.jpg,0
./synthesis_images/2dee1c06-cfc4-11e8-afb9-001a7dda7111.jpg,0
./synthesis_images/2df20b86-cfc4-11e8-ba58-001a7dda7111.jpg,0
./synthesis_images/2df2e0a2-cfc4-11e8-aa3d-001a7dda7111.jpg,0
./synthesis_images/2df450c6-cfc4-11e8-aec4-001a7dda7111.jpg,0
./synthesis_images/2df8539e-cfc4-11e8-8a9c-001a7dda7111.jpg,0
./synthesis_images/2dfc4324-cfc4-11e8-a1de-001a7dda7111.jpg,0
./synthesis_images/2dfd3f00-cfc4-11e8-9b2d-001a7dda7111.jpg,0
./synthesis_images/2dfe9bba-cfc4-11e8-811a-001a7dda7111.jpg,0
./synthesis_images/2e029ea4-cfc4-11e8-a357-001a7dda7111.jpg,0
./synthesis_images/2e067abe-cfc4-11e8-9a4e-001a7dda7111.jpg,0
./synthesis_images/2e0776a2-cfc4-11e8-9947-001a7dda7111.jpg,0
./synthesis_images/2e08e6be-cfc4-11e8-8c67-001a7dda7111.jpg,0
./synthesis_images/2e0caf7a-cfc4-11e8-ab65-001a7dda7111.jpg,0
./synthesis_images/2e111342-cfc4-11e8-b07e-001a7dda7111.jpg,0
./synthesis_images/2e1235e2-cfc4-11e8-b2cb-001a7dda7111.jpg,0
./synthesis_images/2e13929c-cfc4-11e8-8ea3-001a7dda7111.jpg,0
./synthesis_images/2e17a8d8-cfc4-11e8-8579-001a7dda7111.jpg,0
./synthesis_images/2e1b985a-cfc4-11e8-a30d-001a7dda7111.jpg,1
./synthesis_images/2e1c80da-cfc4-11e8-96c5-001a7dda7111.jpg,1
./synthesis_images/2e1ddd98-cfc4-11e8-b801-001a7dda7111.jpg,1
./synthesis_images/2e21cd18-cfc4-11e8-9ccc-001a7dda7111.jpg,1
./synthesis_images/2e277a42-cfc4-11e8-844d-001a7dda7111.jpg,0
./synthesis_images/2e28c39e-cfc4-11e8-8deb-001a7dda7111.jpg,0
./synthesis_images/2e2a8142-cfc4-11e8-ac25-001a7dda7111.jpg,0
./synthesis_images/2e2ef854-cfc4-11e8-ae27-001a7dda7111.jpg,0
./synthesis_images/2e330e94-cfc4-11e8-985e-001a7dda7111.jpg,0
./synthesis_images/2e33f718-cfc4-11e8-aa72-001a7dda7111.jpg,0
./synthesis_images/2e357a98-cfc4-11e8-8a5c-001a7dda7111.jpg,0
./synthesis_images/2e396a18-cfc4-11e8-92ed-001a7dda7111.jpg,0
./synthesis_images/2e3d4638-cfc4-11e8-a2ae-001a7dda7111.jpg,1
./synthesis_images/2e3e1b58-cfc4-11e8-b368-001a7dda7111.jpg,1
./synthesis_images/2e3f8b74-cfc4-11e8-8f82-001a7dda7111.jpg,1
./synthesis_images/2e43a1b6-cfc4-11e8-96ae-001a7dda7111.jpg,1
./synthesis_images/2e479130-cfc4-11e8-bcd7-001a7dda7111.jpg,1
./synthesis_images/2e488d1c-cfc4-11e8-a1ec-001a7dda7111.jpg,1
./synthesis_images/2e49fd34-cfc4-11e8-ae10-001a7dda7111.jpg,1
./synthesis_images/2e4e1370-cfc4-11e8-b570-001a7dda7111.jpg,1
./synthesis_images/2e5229b6-cfc4-11e8-8a84-001a7dda7111.jpg,0
./synthesis_images/2e53123a-cfc4-11e8-a984-001a7dda7111.jpg,0
./synthesis_images/2e546ef0-cfc4-11e8-a81b-001a7dda7111.jpg,0
./synthesis_images/2e585e70-cfc4-11e8-a14a-001a7dda7111.jpg,0
./synthesis_images/2e5c3a8c-cfc4-11e8-b589-001a7dda7111.jpg,1
./synthesis_images/2e5d2312-cfc4-11e8-99d4-001a7dda7111.jpg,1
./synthesis_images/2e5eb9f4-cfc4-11e8-9964-001a7dda7111.jpg,1
./synthesis_images/2e753452-cfc4-11e8-8440-001a7dda7111.jpg,1
./synthesis_images/2e7b8fca-cfc4-11e8-9a66-001a7dda7111.jpg,0
./synthesis_images/2e7d26ac-cfc4-11e8-bf50-001a7dda7111.jpg,0
./synthesis_images/2e7ff390-cfc4-11e8-b89c-001a7dda7111.jpg,0
./synthesis_images/2e84cb8a-cfc4-11e8-a23a-001a7dda7111.jpg,0
./synthesis_images/2e8ec90c-cfc4-11e8-9b20-001a7dda7111.jpg,0
./synthesis_images/2e8fc4ee-cfc4-11e8-9604-001a7dda7111.jpg,0
./synthesis_images/2e9121a8-cfc4-11e8-8f8c-001a7dda7111.jpg,0
./synthesis_images/2e955ea8-cfc4-11e8-a6ae-001a7dda7111.jpg,0
./synthesis_images/2e996188-cfc4-11e8-ae1e-001a7dda7111.jpg,1
./synthesis_images/2e9a36a6-cfc4-11e8-bc44-001a7dda7111.jpg,1
./synthesis_images/2e9b9364-cfc4-11e8-a594-001a7dda7111.jpg,1
./synthesis_images/2e9f48c6-cfc4-11e8-94d1-001a7dda7111.jpg,1
./synthesis_images/2ea31186-cfc4-11e8-8490-001a7dda7111.jpg,1
./synthesis_images/2ea3fa06-cfc4-11e8-821c-001a7dda7111.jpg,1
./synthesis_images/2ea556c0-cfc4-11e8-a5f0-001a7dda7111.jpg,1
./synthesis_images/2ea90c22-cfc4-11e8-80ca-001a7dda7111.jpg,1
./synthesis_images/2eacd4e4-cfc4-11e8-8ca6-001a7dda7111.jpg,0
./synthesis_images/2eadbd64-cfc4-11e8-ac43-001a7dda7111.jpg,0
./synthesis_images/2eaf1a22-cfc4-11e8-b857-001a7dda7111.jpg,0
./synthesis_images/2eb2f640-cfc4-11e8-a380-001a7dda7111.jpg,0
./synthesis_images/2eb6bf02-cfc4-11e8-ba2b-001a7dda7111.jpg,1
./synthesis_images/2eb7a782-cfc4-11e8-a08f-001a7dda7111.jpg,1
./synthesis_images/2eb917a4-cfc4-11e8-b099-001a7dda7111.jpg,1
./synthesis_images/2ebd4140-cfc4-11e8-b94c-001a7dda7111.jpg,1
./synthesis_images/2ec1441e-cfc4-11e8-8d8d-001a7dda7111.jpg,0
./synthesis_images/2ec21940-cfc4-11e8-980a-001a7dda7111.jpg,0
./synthesis_images/2ec3629c-cfc4-11e8-825d-001a7dda7111.jpg,0
./synthesis_images/2ec72b5c-cfc4-11e8-bf3f-001a7dda7111.jpg,0
./synthesis_images/2ecae0ba-cfc4-11e8-a346-001a7dda7111.jpg,0
./synthesis_images/2ecbb5de-cfc4-11e8-9a0e-001a7dda7111.jpg,0
./synthesis_images/2ecd2600-cfc4-11e8-85dc-001a7dda7111.jpg,0
./synthesis_images/2ed14f9c-cfc4-11e8-a875-001a7dda7111.jpg,0
./synthesis_images/2ed52bbe-cfc4-11e8-a780-001a7dda7111.jpg,0
./synthesis_images/2ed6279e-cfc4-11e8-a11c-001a7dda7111.jpg,0
./synthesis_images/2ed797c0-cfc4-11e8-9490-001a7dda7111.jpg,0
./synthesis_images/2edb4d1a-cfc4-11e8-95cf-001a7dda7111.jpg,0
./synthesis_images/2edf293e-cfc4-11e8-9c5b-001a7dda7111.jpg,0
./synthesis_images/2ee011be-cfc4-11e8-b9f9-001a7dda7111.jpg,0
./synthesis_images/2ee16e7e-cfc4-11e8-8d6e-001a7dda7111.jpg,0
./synthesis_images/2ee5373e-cfc4-11e8-a170-001a7dda7111.jpg,0
./synthesis_images/2ee93a1c-cfc4-11e8-ae11-001a7dda7111.jpg,0
./synthesis_images/2eea229a-cfc4-11e8-8819-001a7dda7111.jpg,0
./synthesis_images/2eeb7f5c-cfc4-11e8-a1b5-001a7dda7111.jpg,0
./synthesis_images/2eef5b76-cfc4-11e8-9b6b-001a7dda7111.jpg,0
./synthesis_images/2ef35e5a-cfc4-11e8-8ec0-001a7dda7111.jpg,1
./synthesis_images/2ef4337a-cfc4-11e8-8296-001a7dda7111.jpg,1
./synthesis_images/2ef5a39a-cfc4-11e8-b264-001a7dda7111.jpg,1
./synthesis_images/2ef96c52-cfc4-11e8-a4ce-001a7dda7111.jpg,1
./synthesis_images/2efd351a-cfc4-11e8-abf1-001a7dda7111.jpg,0
./synthesis_images/2efe1d9a-cfc4-11e8-b39f-001a7dda7111.jpg,0
./synthesis_images/2eff7a58-cfc4-11e8-83da-001a7dda7111.jpg,0
./synthesis_images/2f035676-cfc4-11e8-abb1-001a7dda7111.jpg,0
./synthesis_images/2f071f38-cfc4-11e8-a281-001a7dda7111.jpg,0
./synthesis_images/2f0807ba-cfc4-11e8-a13f-001a7dda7111.jpg,0
./synthesis_images/2f096474-cfc4-11e8-9305-001a7dda7111.jpg,0
./synthesis_images/2f0db4d2-cfc4-11e8-933d-001a7dda7111.jpg,0
./synthesis_images/2f117d94-cfc4-11e8-8026-001a7dda7111.jpg,0
./synthesis_images/2f126614-cfc4-11e8-b7fd-001a7dda7111.jpg,0
./synthesis_images/2f13d636-cfc4-11e8-a5a0-001a7dda7111.jpg,0
./synthesis_images/2f17b252-cfc4-11e8-9f0c-001a7dda7111.jpg,0
./synthesis_images/2f1b8e74-cfc4-11e8-914c-001a7dda7111.jpg,0
./synthesis_images/2f1c9db6-cfc4-11e8-a6df-001a7dda7111.jpg,0
./synthesis_images/2f1e0dd2-cfc4-11e8-909a-001a7dda7111.jpg,0
./synthesis_images/2f223776-cfc4-11e8-bd63-001a7dda7111.jpg,0
./synthesis_images/2f263a50-cfc4-11e8-acd9-001a7dda7111.jpg,0
./synthesis_images/2f2722d2-cfc4-11e8-adb1-001a7dda7111.jpg,0
./synthesis_images/2f287f8c-cfc4-11e8-925f-001a7dda7111.jpg,0
./synthesis_images/2f2c6f10-cfc4-11e8-ab77-001a7dda7111.jpg,0
./synthesis_images/2f3071f4-cfc4-11e8-a0d8-001a7dda7111.jpg,1
./synthesis_images/2f316dd4-cfc4-11e8-b0c7-001a7dda7111.jpg,1
./synthesis_images/2f32f14c-cfc4-11e8-96d8-001a7dda7111.jpg,1
./synthesis_images/2f36cd68-cfc4-11e8-bc47-001a7dda7111.jpg,1
./synthesis_images/2f407d74-cfc4-11e8-87ed-001a7dda7111.jpg,1
./synthesis_images/2f41794c-cfc4-11e8-82be-001a7dda7111.jpg,1
./synthesis_images/2f42e970-cfc4-11e8-a4aa-001a7dda7111.jpg,1
./synthesis_images/2f46b22c-cfc4-11e8-8384-001a7dda7111.jpg,1
./synthesis_images/2f4a678a-cfc4-11e8-8a96-001a7dda7111.jpg,0
./synthesis_images/2f4b6368-cfc4-11e8-8c5f-001a7dda7111.jpg,0
./synthesis_images/2f4cc026-cfc4-11e8-bc4b-001a7dda7111.jpg,0
./synthesis_images/2f50758c-cfc4-11e8-b53a-001a7dda7111.jpg,0
./synthesis_images/2f5902e8-cfc4-11e8-a984-001a7dda7111.jpg,0
./synthesis_images/2f59d812-cfc4-11e8-a789-001a7dda7111.jpg,0
./synthesis_images/2f5b2166-cfc4-11e8-bf5a-001a7dda7111.jpg,0
./synthesis_images/2f5efd88-cfc4-11e8-807e-001a7dda7111.jpg,0
./synthesis_images/2f62d9a6-cfc4-11e8-8d39-001a7dda7111.jpg,0
./synthesis_images/2f63c22e-cfc4-11e8-a94f-001a7dda7111.jpg,0
./synthesis_images/2f651eec-cfc4-11e8-97f0-001a7dda7111.jpg,0
./synthesis_images/2f68e7a4-cfc4-11e8-9272-001a7dda7111.jpg,0
./synthesis_images/2f6cea8a-cfc4-11e8-b834-001a7dda7111.jpg,0
./synthesis_images/2f6e5aac-cfc4-11e8-8adb-001a7dda7111.jpg,0
./synthesis_images/2f703f08-cfc4-11e8-b006-001a7dda7111.jpg,0
./synthesis_images/2f759ea4-cfc4-11e8-9754-001a7dda7111.jpg,0
./synthesis_images/2f79c842-cfc4-11e8-b349-001a7dda7111.jpg,1
./synthesis_images/2f7ab0c2-cfc4-11e8-aac1-001a7dda7111.jpg,1
./synthesis_images/2f7c0d80-cfc4-11e8-b7b7-001a7dda7111.jpg,1
./synthesis_images/2f7fe99e-cfc4-11e8-ada9-001a7dda7111.jpg,1
./synthesis_images/2f839f02-cfc4-11e8-832a-001a7dda7111.jpg,0
./synthesis_images/2f848788-cfc4-11e8-972b-001a7dda7111.jpg,0
./synthesis_images/2f85d0e2-cfc4-11e8-bb66-001a7dda7111.jpg,0
./synthesis_images/2f89acfe-cfc4-11e8-9eb0-001a7dda7111.jpg,0
./synthesis_images/2f8d4efe-cfc4-11e8-879b-001a7dda7111.jpg,0
./synthesis_images/2f8e378a-cfc4-11e8-9ed5-001a7dda7111.jpg,0
./synthesis_images/2f8f9442-cfc4-11e8-bf54-001a7dda7111.jpg,0
./synthesis_images/2f937062-cfc4-11e8-8297-001a7dda7111.jpg,0
./synthesis_images/2f9725be-cfc4-11e8-80b4-001a7dda7111.jpg,1
./synthesis_images/2f97fae4-cfc4-11e8-a783-001a7dda7111.jpg,1
./synthesis_images/2f99579e-cfc4-11e8-bddf-001a7dda7111.jpg,1
./synthesis_images/2f9d205c-cfc4-11e8-af40-001a7dda7111.jpg,1
./synthesis_images/2fa10fde-cfc4-11e8-9d74-001a7dda7111.jpg,1
./synthesis_images/2fa1f864-cfc4-11e8-acb3-001a7dda7111.jpg,1
./synthesis_images/2fa3551c-cfc4-11e8-bc43-001a7dda7111.jpg,1
./synthesis_images/2fa7449c-cfc4-11e8-825a-001a7dda7111.jpg,1
./synthesis_images/2fab341e-cfc4-11e8-a0eb-001a7dda7111.jpg,0
./synthesis_images/2fac3000-cfc4-11e8-baad-001a7dda7111.jpg,0
./synthesis_images/2fad795a-cfc4-11e8-a439-001a7dda7111.jpg,0
./synthesis_images/2fb168dc-cfc4-11e8-855e-001a7dda7111.jpg,0
./synthesis_images/2fb5319c-cfc4-11e8-8a28-001a7dda7111.jpg,0
./synthesis_images/2fb606ba-cfc4-11e8-a9fc-001a7dda7111.jpg,0
./synthesis_images/2fb75018-cfc4-11e8-8881-001a7dda7111.jpg,0
./synthesis_images/2fbb3f9a-cfc4-11e8-a720-001a7dda7111.jpg,0
./synthesis_images/2fbf0858-cfc4-11e8-af43-001a7dda7111.jpg,0
./synthesis_images/2fc01798-cfc4-11e8-bdd0-001a7dda7111.jpg,0
./synthesis_images/2fc160f6-cfc4-11e8-a761-001a7dda7111.jpg,0
./synthesis_images/2fc51658-cfc4-11e8-a395-001a7dda7111.jpg,0
./synthesis_images/2fc92c9c-cfc4-11e8-9e01-001a7dda7111.jpg,0
./synthesis_images/2fca287a-cfc4-11e8-8daf-001a7dda7111.jpg,0
./synthesis_images/2fcb9898-cfc4-11e8-b521-001a7dda7111.jpg,0
./synthesis_images/2fcf3a98-cfc4-11e8-9493-001a7dda7111.jpg,0
./synthesis_images/2fd2dc98-cfc4-11e8-bdef-001a7dda7111.jpg,1
./synthesis_images/2fd3d878-cfc4-11e8-9fbe-001a7dda7111.jpg,1
./synthesis_images/2fd53534-cfc4-11e8-8e7e-001a7dda7111.jpg,1
./synthesis_images/2fd8ea92-cfc4-11e8-9834-001a7dda7111.jpg,1
./synthesis_images/2fdd2798-cfc4-11e8-8837-001a7dda7111.jpg,0
./synthesis_images/2fde2374-cfc4-11e8-a186-001a7dda7111.jpg,0
./synthesis_images/2fdf8036-cfc4-11e8-bd73-001a7dda7111.jpg,0
./synthesis_images/2fe348f0-cfc4-11e8-acc0-001a7dda7111.jpg,0
./synthesis_images/2fe72518-cfc4-11e8-9bd6-001a7dda7111.jpg,0
./synthesis_images/2fe7fa34-cfc4-11e8-b9eb-001a7dda7111.jpg,0
./synthesis_images/2fe96a50-cfc4-11e8-9d73-001a7dda7111.jpg,0
./synthesis_images/2fed1fae-cfc4-11e8-846e-001a7dda7111.jpg,0
./synthesis_images/2ff0d518-cfc4-11e8-993b-001a7dda7111.jpg,0
./synthesis_images/2ff1aa36-cfc4-11e8-b89b-001a7dda7111.jpg,0
./synthesis_images/2ff306f0-cfc4-11e8-8abd-001a7dda7111.jpg,0
./synthesis_images/2ff6cfac-cfc4-11e8-a9a0-001a7dda7111.jpg,0
./synthesis_images/2ffa71ae-cfc4-11e8-82fb-001a7dda7111.jpg,0
./synthesis_images/2ffb5a30-cfc4-11e8-ad05-001a7dda7111.jpg,0
./synthesis_images/2ffcca50-cfc4-11e8-b7e0-001a7dda7111.jpg,0
./synthesis_images/3000a66e-cfc4-11e8-b134-001a7dda7111.jpg,0
./synthesis_images/30045bd0-cfc4-11e8-9131-001a7dda7111.jpg,0
./synthesis_images/3005a536-cfc4-11e8-a20e-001a7dda7111.jpg,0
./synthesis_images/300762d2-cfc4-11e8-bdbd-001a7dda7111.jpg,0
./synthesis_images/300b9fd2-cfc4-11e8-a28a-001a7dda7111.jpg,0
./synthesis_images/30120eb0-cfc4-11e8-a85b-001a7dda7111.jpg,0
./synthesis_images/301344b0-cfc4-11e8-b72a-001a7dda7111.jpg,0
./synthesis_images/3014c82e-cfc4-11e8-b9f8-001a7dda7111.jpg,0
./synthesis_images/3018cb0a-cfc4-11e8-a941-001a7dda7111.jpg,0
./synthesis_images/301ca72c-cfc4-11e8-828a-001a7dda7111.jpg,0
./synthesis_images/301d8fae-cfc4-11e8-8711-001a7dda7111.jpg,0
./synthesis_images/301effc8-cfc4-11e8-8163-001a7dda7111.jpg,0
./synthesis_images/3022ef48-cfc4-11e8-8b71-001a7dda7111.jpg,0
./synthesis_images/3026b80a-cfc4-11e8-9f05-001a7dda7111.jpg,0
./synthesis_images/3027a08a-cfc4-11e8-a167-001a7dda7111.jpg,0
./synthesis_images/3028fd46-cfc4-11e8-a433-001a7dda7111.jpg,0
./synthesis_images/302cc608-cfc4-11e8-b34b-001a7dda7111.jpg,0
./synthesis_images/30306806-cfc4-11e8-b6ad-001a7dda7111.jpg,1
./synthesis_images/3031508a-cfc4-11e8-a708-001a7dda7111.jpg,1
./synthesis_images/3032ad4a-cfc4-11e8-a358-001a7dda7111.jpg,1
./synthesis_images/303662a4-cfc4-11e8-a185-001a7dda7111.jpg,1
./synthesis_images/303a2b68-cfc4-11e8-b8d4-001a7dda7111.jpg,0
./synthesis_images/303ec94c-cfc4-11e8-b3b2-001a7dda7111.jpg,0
./synthesis_images/30410e86-cfc4-11e8-ab73-001a7dda7111.jpg,0
./synthesis_images/30464762-cfc4-11e8-bdb2-001a7dda7111.jpg,0
./synthesis_images/304a2386-cfc4-11e8-a1e0-001a7dda7111.jpg,0
./synthesis_images/304b0c0a-cfc4-11e8-b378-001a7dda7111.jpg,0
./synthesis_images/304c68c6-cfc4-11e8-be37-001a7dda7111.jpg,0
./synthesis_images/30503180-cfc4-11e8-8410-001a7dda7111.jpg,0
./synthesis_images/30c081f0-cfc4-11e8-953c-001a7dda7111.jpg,0
./synthesis_images/30c16a74-cfc4-11e8-ae36-001a7dda7111.jpg,0
./synthesis_images/30c2da8a-cfc4-11e8-b52b-001a7dda7111.jpg,0
./synthesis_images/30c6a34c-cfc4-11e8-9d77-001a7dda7111.jpg,0
./synthesis_images/30ca7f6e-cfc4-11e8-9f7c-001a7dda7111.jpg,0
./synthesis_images/30cb7b54-cfc4-11e8-97e8-001a7dda7111.jpg,0
./synthesis_images/30cceb6e-cfc4-11e8-abb9-001a7dda7111.jpg,0
./synthesis_images/30d0daf0-cfc4-11e8-b5ad-001a7dda7111.jpg,0
./synthesis_images/30d78400-cfc4-11e8-bcbd-001a7dda7111.jpg,0
./synthesis_images/30d8b9f6-cfc4-11e8-9b5f-001a7dda7111.jpg,0
./synthesis_images/30da6434-cfc4-11e8-bf70-001a7dda7111.jpg,0
./synthesis_images/30df28cc-cfc4-11e8-869e-001a7dda7111.jpg,0
./synthesis_images/30e3526e-cfc4-11e8-8da1-001a7dda7111.jpg,1
./synthesis_images/30e43aee-cfc4-11e8-8909-001a7dda7111.jpg,1
./synthesis_images/30e5844a-cfc4-11e8-8a03-001a7dda7111.jpg,1
./synthesis_images/30e973c8-cfc4-11e8-8250-001a7dda7111.jpg,1
./synthesis_images/30ed3c8c-cfc4-11e8-ae8d-001a7dda7111.jpg,1
./synthesis_images/30ee250a-cfc4-11e8-8db2-001a7dda7111.jpg,1
./synthesis_images/30ef81c6-cfc4-11e8-8491-001a7dda7111.jpg,1
./synthesis_images/30f35de8-cfc4-11e8-96f7-001a7dda7111.jpg,1
./synthesis_images/30f71348-cfc4-11e8-b1a4-001a7dda7111.jpg,0
./synthesis_images/30f7fbc8-cfc4-11e8-b3e9-001a7dda7111.jpg,0
./synthesis_images/30f94528-cfc4-11e8-bcd6-001a7dda7111.jpg,0
./synthesis_images/30fd0de6-cfc4-11e8-96bc-001a7dda7111.jpg,0
./synthesis_images/310110c2-cfc4-11e8-97e8-001a7dda7111.jpg,1
./synthesis_images/31020cae-cfc4-11e8-8246-001a7dda7111.jpg,1
./synthesis_images/31035608-cfc4-11e8-be8e-001a7dda7111.jpg,1
./synthesis_images/31074586-cfc4-11e8-b17c-001a7dda7111.jpg,1
./synthesis_images/310b0e42-cfc4-11e8-a53e-001a7dda7111.jpg,1
./synthesis_images/310bf6c6-cfc4-11e8-b895-001a7dda7111.jpg,1
./synthesis_images/310d5386-cfc4-11e8-8e77-001a7dda7111.jpg,1
./synthesis_images/31114302-cfc4-11e8-8d4e-001a7dda7111.jpg,1
./synthesis_images/31151f22-cfc4-11e8-b20e-001a7dda7111.jpg,0
./synthesis_images/3115f442-cfc4-11e8-adc6-001a7dda7111.jpg,0
./synthesis_images/31173d9e-cfc4-11e8-b3e2-001a7dda7111.jpg,0
./synthesis_images/311b0662-cfc4-11e8-bf0e-001a7dda7111.jpg,0
./synthesis_images/311f1ca2-cfc4-11e8-b2d7-001a7dda7111.jpg,0
./synthesis_images/311ff1c6-cfc4-11e8-a05b-001a7dda7111.jpg,0
./synthesis_images/31214e80-cfc4-11e8-a61b-001a7dda7111.jpg,0
./synthesis_images/312503e2-cfc4-11e8-b91e-001a7dda7111.jpg,0
./synthesis_images/3128cca4-cfc4-11e8-99f6-001a7dda7111.jpg,0
./synthesis_images/3129a1be-cfc4-11e8-8b1d-001a7dda7111.jpg,0
./synthesis_images/312afe7a-cfc4-11e8-b59d-001a7dda7111.jpg,0
./synthesis_images/312ec740-cfc4-11e8-9433-001a7dda7111.jpg,0
./synthesis_images/3132ca1c-cfc4-11e8-a609-001a7dda7111.jpg,0
./synthesis_images/3133b29e-cfc4-11e8-b2f2-001a7dda7111.jpg,0
./synthesis_images/31350f5c-cfc4-11e8-9cf7-001a7dda7111.jpg,0
./synthesis_images/3138eb7a-cfc4-11e8-9ed9-001a7dda7111.jpg,0
./synthesis_images/313cc79e-cfc4-11e8-84ef-001a7dda7111.jpg,0
./synthesis_images/313db01e-cfc4-11e8-be8f-001a7dda7111.jpg,0
./synthesis_images/313f0cdc-cfc4-11e8-9638-001a7dda7111.jpg,0
./synthesis_images/31430fba-cfc4-11e8-926f-001a7dda7111.jpg,0
./synthesis_images/3146ff3a-cfc4-11e8-b9ec-001a7dda7111.jpg,0
./synthesis_images/3147e7ba-cfc4-11e8-9344-001a7dda7111.jpg,0
./synthesis_images/31494476-cfc4-11e8-9a63-001a7dda7111.jpg,0
./synthesis_images/314d0d3a-cfc4-11e8-bbb8-001a7dda7111.jpg,0
./synthesis_images/3150fcbe-cfc4-11e8-8f0f-001a7dda7111.jpg,0
./synthesis_images/3151e538-cfc4-11e8-900a-001a7dda7111.jpg,0
./synthesis_images/315341f8-cfc4-11e8-b7a5-001a7dda7111.jpg,0
./synthesis_images/31570ab6-cfc4-11e8-b457-001a7dda7111.jpg,0
./synthesis_images/315b345a-cfc4-11e8-b143-001a7dda7111.jpg,0
./synthesis_images/315c0976-cfc4-11e8-9b7a-001a7dda7111.jpg,0
./synthesis_images/315d7998-cfc4-11e8-a258-001a7dda7111.jpg,0
./synthesis_images/31614258-cfc4-11e8-b9c7-001a7dda7111.jpg,0
./synthesis_images/316531da-cfc4-11e8-b2cf-001a7dda7111.jpg,0
./synthesis_images/31661a5c-cfc4-11e8-bbb7-001a7dda7111.jpg,0
./synthesis_images/31678a70-cfc4-11e8-8991-001a7dda7111.jpg,0
./synthesis_images/316b6698-cfc4-11e8-b3e5-001a7dda7111.jpg,0
./synthesis_images/316f9036-cfc4-11e8-b74f-001a7dda7111.jpg,0
./synthesis_images/31708c18-cfc4-11e8-8fd4-001a7dda7111.jpg,0
./synthesis_images/3171fc36-cfc4-11e8-909e-001a7dda7111.jpg,0
./synthesis_images/3175b194-cfc4-11e8-91e2-001a7dda7111.jpg,0
./synthesis_images/317f3ad2-cfc4-11e8-9bec-001a7dda7111.jpg,1
./synthesis_images/31800ff0-cfc4-11e8-aa11-001a7dda7111.jpg,1
./synthesis_images/31816cae-cfc4-11e8-8c0a-001a7dda7111.jpg,1
./synthesis_images/31856f92-cfc4-11e8-915c-001a7dda7111.jpg,1
./synthesis_images/31895f14-cfc4-11e8-b81e-001a7dda7111.jpg,0
./synthesis_images/318a4794-cfc4-11e8-9dae-001a7dda7111.jpg,0
./synthesis_images/318bb7b4-cfc4-11e8-9e26-001a7dda7111.jpg,0
./synthesis_images/31900810-cfc4-11e8-9a8a-001a7dda7111.jpg,0
./synthesis_images/31940aee-cfc4-11e8-a807-001a7dda7111.jpg,0
./synthesis_images/3194f370-cfc4-11e8-bf45-001a7dda7111.jpg,0
./synthesis_images/3196502c-cfc4-11e8-87d1-001a7dda7111.jpg,0
./synthesis_images/319a5312-cfc4-11e8-8c1e-001a7dda7111.jpg,0
./synthesis_images/319e55ee-cfc4-11e8-a6d1-001a7dda7111.jpg,1
./synthesis_images/319f9f52-cfc4-11e8-bc6c-001a7dda7111.jpg,1
./synthesis_images/31a15cf4-cfc4-11e8-ab46-001a7dda7111.jpg,1
./synthesis_images/31a68270-cfc4-11e8-a043-001a7dda7111.jpg,1
./synthesis_images/31aae62e-cfc4-11e8-868d-001a7dda7111.jpg,0
./synthesis_images/31ac1c30-cfc4-11e8-a576-001a7dda7111.jpg,0
./synthesis_images/31adb30c-cfc4-11e8-a38f-001a7dda7111.jpg,0
./synthesis_images/31b1b5e8-cfc4-11e8-930f-001a7dda7111.jpg,0
./synthesis_images/31b5b8d0-cfc4-11e8-bc4e-001a7dda7111.jpg,0
./synthesis_images/31b6b4b0-cfc4-11e8-a6bf-001a7dda7111.jpg,0
./synthesis_images/31b824ca-cfc4-11e8-ba7c-001a7dda7111.jpg,0
./synthesis_images/31bc27cc-cfc4-11e8-8a65-001a7dda7111.jpg,0
./synthesis_images/31bfc9ae-cfc4-11e8-901a-001a7dda7111.jpg,1
./synthesis_images/31c0c586-cfc4-11e8-ac18-001a7dda7111.jpg,1
./synthesis_images/31c22248-cfc4-11e8-a93b-001a7dda7111.jpg,1
./synthesis_images/31c5fe66-cfc4-11e8-ba74-001a7dda7111.jpg,1
./synthesis_images/31c9da88-cfc4-11e8-a170-001a7dda7111.jpg,1
./synthesis_images/31cad66c-cfc4-11e8-b93e-001a7dda7111.jpg,1
./synthesis_images/31cc468a-cfc4-11e8-b850-001a7dda7111.jpg,1
./synthesis_images/31d00f46-cfc4-11e8-b97c-001a7dda7111.jpg,1
./synthesis_images/31d3eb68-cfc4-11e8-85d0-001a7dda7111.jpg,0
./synthesis_images/31d4d3ec-cfc4-11e8-ba02-001a7dda7111.jpg,0
./synthesis_images/31d65764-cfc4-11e8-bc6d-001a7dda7111.jpg,0
./synthesis_images/31da2022-cfc4-11e8-8613-001a7dda7111.jpg,0
./synthesis_images/31de0fa6-cfc4-11e8-8d8f-001a7dda7111.jpg,0
./synthesis_images/31def824-cfc4-11e8-9af5-001a7dda7111.jpg,0
./synthesis_images/31e054e2-cfc4-11e8-af51-001a7dda7111.jpg,0
./synthesis_images/31e43102-cfc4-11e8-bc03-001a7dda7111.jpg,0
./synthesis_images/31e7f9c0-cfc4-11e8-b212-001a7dda7111.jpg,0
./synthesis_images/31e8f5a8-cfc4-11e8-b375-001a7dda7111.jpg,0
./synthesis_images/31ea3f06-cfc4-11e8-9c19-001a7dda7111.jpg,0
./synthesis_images/31edf45e-cfc4-11e8-84f9-001a7dda7111.jpg,0
./synthesis_images/31f1a9c0-cfc4-11e8-95ba-001a7dda7111.jpg,0
./synthesis_images/31f29240-cfc4-11e8-80b9-001a7dda7111.jpg,0
./synthesis_images/31f415c0-cfc4-11e8-9a08-001a7dda7111.jpg,0
./synthesis_images/31f852ba-cfc4-11e8-846a-001a7dda7111.jpg,0
./synthesis_images/31fbce0c-cfc4-11e8-835e-001a7dda7111.jpg,1
./synthesis_images/31fcc9e2-cfc4-11e8-9022-001a7dda7111.jpg,1
./synthesis_images/31fe3a00-cfc4-11e8-a9d6-001a7dda7111.jpg,1
./synthesis_images/3202639e-cfc4-11e8-b382-001a7dda7111.jpg,1
./synthesis_images/3210eb9c-cfc4-11e8-8cc8-001a7dda7111.jpg,0
./synthesis_images/32136af8-cfc4-11e8-9d16-001a7dda7111.jpg,0
./synthesis_images/3215fdbe-cfc4-11e8-9930-001a7dda7111.jpg,0
./synthesis_images/321b70b8-cfc4-11e8-8e8f-001a7dda7111.jpg,0
./synthesis_images/322082d8-cfc4-11e8-93f6-001a7dda7111.jpg,0
./synthesis_images/3221f2fa-cfc4-11e8-881d-001a7dda7111.jpg,0
./synthesis_images/32237680-cfc4-11e8-b816-001a7dda7111.jpg,0
./synthesis_images/3227a018-cfc4-11e8-ac03-001a7dda7111.jpg,0
./synthesis_images/322b1b58-cfc4-11e8-b593-001a7dda7111.jpg,0
./synthesis_images/322c03dc-cfc4-11e8-93da-001a7dda7111.jpg,0
./synthesis_images/322d6094-cfc4-11e8-97c3-001a7dda7111.jpg,0
./synthesis_images/32318a36-cfc4-11e8-8b6b-001a7dda7111.jpg,0
./synthesis_images/323579b6-cfc4-11e8-af89-001a7dda7111.jpg,0
./synthesis_images/3236623a-cfc4-11e8-83dd-001a7dda7111.jpg,0
./synthesis_images/3237ab92-cfc4-11e8-928c-001a7dda7111.jpg,0
./synthesis_images/323b87b4-cfc4-11e8-b630-001a7dda7111.jpg,0
./synthesis_images/323f5076-cfc4-11e8-b548-001a7dda7111.jpg,0
./synthesis_images/32402594-cfc4-11e8-90e6-001a7dda7111.jpg,0
./synthesis_images/3241bc74-cfc4-11e8-828d-001a7dda7111.jpg,0
./synthesis_images/324571d4-cfc4-11e8-9f5a-001a7dda7111.jpg,0
./synthesis_images/3254cef4-cfc4-11e8-b9d8-001a7dda7111.jpg,1
./synthesis_images/3255a412-cfc4-11e8-8c93-001a7dda7111.jpg,1
./synthesis_images/325700d0-cfc4-11e8-b17d-001a7dda7111.jpg,1
./synthesis_images/325b170c-cfc4-11e8-9517-001a7dda7111.jpg,1
./synthesis_images/325ef330-cfc4-11e8-a307-001a7dda7111.jpg,0
./synthesis_images/325fc850-cfc4-11e8-bba7-001a7dda7111.jpg,0
./synthesis_images/3261250c-cfc4-11e8-886d-001a7dda7111.jpg,0
./synthesis_images/3265148a-cfc4-11e8-8a28-001a7dda7111.jpg,0
./synthesis_images/3268f0ae-cfc4-11e8-bf99-001a7dda7111.jpg,0
./synthesis_images/3269c5d0-cfc4-11e8-8735-001a7dda7111.jpg,0
./synthesis_images/326b35ee-cfc4-11e8-9663-001a7dda7111.jpg,0
./synthesis_images/326eeb48-cfc4-11e8-8b7b-001a7dda7111.jpg,0
./synthesis_images/32813c10-cfc4-11e8-ba69-001a7dda7111.jpg,0
./synthesis_images/328237f0-cfc4-11e8-a763-001a7dda7111.jpg,0
./synthesis_images/3283bb68-cfc4-11e8-8c6b-001a7dda7111.jpg,0
./synthesis_images/3287e50a-cfc4-11e8-84b4-001a7dda7111.jpg,0
./synthesis_images/328be7f4-cfc4-11e8-b898-001a7dda7111.jpg,0
./synthesis_images/328ce3cc-cfc4-11e8-b298-001a7dda7111.jpg,0
./synthesis_images/328e7aae-cfc4-11e8-b938-001a7dda7111.jpg,0
./synthesis_images/3293188a-cfc4-11e8-9534-001a7dda7111.jpg,0
./synthesis_images/329768e6-cfc4-11e8-b5bf-001a7dda7111.jpg,0
./synthesis_images/32989eee-cfc4-11e8-848c-001a7dda7111.jpg,0
./synthesis_images/329f6ea4-cfc4-11e8-9a41-001a7dda7111.jpg,0
./synthesis_images/32a59006-cfc4-11e8-818f-001a7dda7111.jpg,0
./synthesis_images/32a9b9a2-cfc4-11e8-b508-001a7dda7111.jpg,0
./synthesis_images/32aab586-cfc4-11e8-b76f-001a7dda7111.jpg,0
./synthesis_images/32ac3900-cfc4-11e8-89d4-001a7dda7111.jpg,0
./synthesis_images/32b09cc6-cfc4-11e8-9930-001a7dda7111.jpg,0
./synthesis_images/32b86868-cfc4-11e8-9cdf-001a7dda7111.jpg,0
./synthesis_images/32ba12a6-cfc4-11e8-be84-001a7dda7111.jpg,0
./synthesis_images/32bbe3a6-cfc4-11e8-8d96-001a7dda7111.jpg,0
./synthesis_images/32c190c6-cfc4-11e8-adb9-001a7dda7111.jpg,0
./synthesis_images/32c5f486-cfc4-11e8-a298-001a7dda7111.jpg,0
./synthesis_images/32c703c6-cfc4-11e8-a997-001a7dda7111.jpg,0
./synthesis_images/32c873de-cfc4-11e8-9a22-001a7dda7111.jpg,0
./synthesis_images/32ccd79c-cfc4-11e8-b3bd-001a7dda7111.jpg,0
./synthesis_images/32d10140-cfc4-11e8-ae99-001a7dda7111.jpg,1
./synthesis_images/32d1e9be-cfc4-11e8-8611-001a7dda7111.jpg,1
./synthesis_images/32d3809a-cfc4-11e8-9415-001a7dda7111.jpg,1
./synthesis_images/32d78382-cfc4-11e8-a2a4-001a7dda7111.jpg,1
./synthesis_images/32dbad1e-cfc4-11e8-8b59-001a7dda7111.jpg,0
./synthesis_images/32dc959a-cfc4-11e8-b3a7-001a7dda7111.jpg,0
./synthesis_images/32de2c7a-cfc4-11e8-a043-001a7dda7111.jpg,0
./synthesis_images/32e21bfa-cfc4-11e8-99a4-001a7dda7111.jpg,0
./synthesis_images/32e61ed8-cfc4-11e8-a19f-001a7dda7111.jpg,0
./synthesis_images/32e70762-cfc4-11e8-94be-001a7dda7111.jpg,0
./synthesis_images/32e89e3a-cfc4-11e8-b8b7-001a7dda7111.jpg,0
./synthesis_images/32ec8dba-cfc4-11e8-a764-001a7dda7111.jpg,0
./synthesis_images/32f01c58-cfc4-11e8-a435-001a7dda7111.jpg,0
./synthesis_images/32f104da-cfc4-11e8-8965-001a7dda7111.jpg,0
./synthesis_images/32f2885a-cfc4-11e8-95be-001a7dda7111.jpg,0
./synthesis_images/32f65112-cfc4-11e8-a8b0-001a7dda7111.jpg,0
./synthesis_images/32fa19d8-cfc4-11e8-85c0-001a7dda7111.jpg,0
./synthesis_images/32fb15ba-cfc4-11e8-bf44-001a7dda7111.jpg,0
./synthesis_images/32fc85d8-cfc4-11e8-8ff9-001a7dda7111.jpg,0
./synthesis_images/33003b36-cfc4-11e8-a8d0-001a7dda7111.jpg,0
./synthesis_images/3304517a-cfc4-11e8-9557-001a7dda7111.jpg,0
./synthesis_images/330560b6-cfc4-11e8-93b0-001a7dda7111.jpg,0
./synthesis_images/3306e434-cfc4-11e8-b88d-001a7dda7111.jpg,0
./synthesis_images/330b0dd4-cfc4-11e8-9551-001a7dda7111.jpg,0
./synthesis_images/330f10b6-cfc4-11e8-9ea8-001a7dda7111.jpg,0
./synthesis_images/3310335c-cfc4-11e8-9b0d-001a7dda7111.jpg,0
./synthesis_images/3311ca34-cfc4-11e8-813f-001a7dda7111.jpg,0
./synthesis_images/33164158-cfc4-11e8-9913-001a7dda7111.jpg,0
./synthesis_images/331a5792-cfc4-11e8-89ed-001a7dda7111.jpg,0
./synthesis_images/331b5376-cfc4-11e8-9183-001a7dda7111.jpg,0
./synthesis_images/331cea52-cfc4-11e8-b1ca-001a7dda7111.jpg,0
./synthesis_images/33216170-cfc4-11e8-b05d-001a7dda7111.jpg,0
./synthesis_images/3325b1d0-cfc4-11e8-9215-001a7dda7111.jpg,0
./synthesis_images/33269a52-cfc4-11e8-8634-001a7dda7111.jpg,0
./synthesis_images/332857f4-cfc4-11e8-a825-001a7dda7111.jpg,0
./synthesis_images/332c8192-cfc4-11e8-b903-001a7dda7111.jpg,0
./synthesis_images/3330e550-cfc4-11e8-810a-001a7dda7111.jpg,1
./synthesis_images/33321b4c-cfc4-11e8-bf9a-001a7dda7111.jpg,1
./synthesis_images/3333b22e-cfc4-11e8-8a5c-001a7dda7111.jpg,1
./synthesis_images/3337c874-cfc4-11e8-ae48-001a7dda7111.jpg,1
./synthesis_images/333ca074-cfc4-11e8-b7f9-001a7dda7111.jpg,0
./synthesis_images/333e23ec-cfc4-11e8-9ca1-001a7dda7111.jpg,0
./synthesis_images/333fa76c-cfc4-11e8-8628-001a7dda7111.jpg,0
./synthesis_images/33440b26-cfc4-11e8-aaba-001a7dda7111.jpg,0
./synthesis_images/3348bc6e-cfc4-11e8-a544-001a7dda7111.jpg,0
./synthesis_images/3349b84a-cfc4-11e8-8bf1-001a7dda7111.jpg,0
./synthesis_images/334b3bc8-cfc4-11e8-84bc-001a7dda7111.jpg,0
./synthesis_images/334f2b48-cfc4-11e8-9405-001a7dda7111.jpg,0
./synthesis_images/33554cae-cfc4-11e8-8d34-001a7dda7111.jpg,1
./synthesis_images/3356352e-cfc4-11e8-bf43-001a7dda7111.jpg,1
./synthesis_images/3357cc08-cfc4-11e8-ac54-001a7dda7111.jpg,1
./synthesis_images/335bcee6-cfc4-11e8-bbf9-001a7dda7111.jpg,1
./synthesis_images/335fd1ca-cfc4-11e8-828d-001a7dda7111.jpg,0
./synthesis_images/3360ba4a-cfc4-11e8-8324-001a7dda7111.jpg,0
./synthesis_images/33625130-cfc4-11e8-b25f-001a7dda7111.jpg,0
./synthesis_images/336640a4-cfc4-11e8-a041-001a7dda7111.jpg,0
./synthesis_images/336a1cc2-cfc4-11e8-8619-001a7dda7111.jpg,0
./synthesis_images/336b054a-cfc4-11e8-a015-001a7dda7111.jpg,0
./synthesis_images/336c6200-cfc4-11e8-8721-001a7dda7111.jpg,0
./synthesis_images/33702ac2-cfc4-11e8-af78-001a7dda7111.jpg,0
./synthesis_images/337406e4-cfc4-11e8-a84f-001a7dda7111.jpg,0
./synthesis_images/3374ef68-cfc4-11e8-8f58-001a7dda7111.jpg,0
./synthesis_images/33764c22-cfc4-11e8-bb03-001a7dda7111.jpg,0
./synthesis_images/337a3ba2-cfc4-11e8-90ad-001a7dda7111.jpg,0
./synthesis_images/337e17c0-cfc4-11e8-9f88-001a7dda7111.jpg,0
./synthesis_images/337f13ac-cfc4-11e8-8ecb-001a7dda7111.jpg,0
./synthesis_images/3380705e-cfc4-11e8-9420-001a7dda7111.jpg,0
./synthesis_images/33847342-cfc4-11e8-a05a-001a7dda7111.jpg,0
./synthesis_images/33888982-cfc4-11e8-92c7-001a7dda7111.jpg,0
./synthesis_images/33895e9e-cfc4-11e8-b5f2-001a7dda7111.jpg,0
./synthesis_images/338abb64-cfc4-11e8-ba1c-001a7dda7111.jpg,0
./synthesis_images/338e8422-cfc4-11e8-b53b-001a7dda7111.jpg,0
./synthesis_images/33926040-cfc4-11e8-a297-001a7dda7111.jpg,0
./synthesis_images/339348c0-cfc4-11e8-8a78-001a7dda7111.jpg,0
./synthesis_images/3394a57a-cfc4-11e8-94e0-001a7dda7111.jpg,0
./synthesis_images/3398bbba-cfc4-11e8-a129-001a7dda7111.jpg,0
./synthesis_images/339de146-cfc4-11e8-8714-001a7dda7111.jpg,0
./synthesis_images/33a07402-cfc4-11e8-90ac-001a7dda7111.jpg,0
./synthesis_images/33ad8be4-cfc4-11e8-88f5-001a7dda7111.jpg,0
./synthesis_images/33c2f6f6-cfc4-11e8-bbd2-001a7dda7111.jpg,0
./synthesis_images/33ce3dd8-cfc4-11e8-98b4-001a7dda7111.jpg,0
./synthesis_images/33cf607a-cfc4-11e8-a2f7-001a7dda7111.jpg,0
./synthesis_images/33d11e1a-cfc4-11e8-8251-001a7dda7111.jpg,0
./synthesis_images/33d5bbf4-cfc4-11e8-a278-001a7dda7111.jpg,0
./synthesis_images/33da6d34-cfc4-11e8-b098-001a7dda7111.jpg,1
./synthesis_images/33db6912-cfc4-11e8-bd88-001a7dda7111.jpg,1
./synthesis_images/33dcec8c-cfc4-11e8-9e27-001a7dda7111.jpg,1
./synthesis_images/33e12994-cfc4-11e8-91cc-001a7dda7111.jpg,1
./synthesis_images/33e52c76-cfc4-11e8-b189-001a7dda7111.jpg,0
./synthesis_images/33e62852-cfc4-11e8-bfac-001a7dda7111.jpg,0
./synthesis_images/33e7abd8-cfc4-11e8-b336-001a7dda7111.jpg,0
./synthesis_images/33ebd574-cfc4-11e8-b867-001a7dda7111.jpg,0
./synthesis_images/33efb192-cfc4-11e8-91f0-001a7dda7111.jpg,0
./synthesis_images/33f0ad76-cfc4-11e8-bfba-001a7dda7111.jpg,0
./synthesis_images/33f230ee-cfc4-11e8-9e39-001a7dda7111.jpg,0
./synthesis_images/33f6f590-cfc4-11e8-87c1-001a7dda7111.jpg,0
./synthesis_images/33fcf0c2-cfc4-11e8-8729-001a7dda7111.jpg,1
./synthesis_images/33fe12d2-cfc4-11e8-b45c-001a7dda7111.jpg,1
./synthesis_images/33fff734-cfc4-11e8-9693-001a7dda7111.jpg,1
./synthesis_images/34040d6c-cfc4-11e8-934d-001a7dda7111.jpg,1
./synthesis_images/3407fce8-cfc4-11e8-8531-001a7dda7111.jpg,0
./synthesis_images/3408f8cc-cfc4-11e8-a1a4-001a7dda7111.jpg,0
./synthesis_images/340a68ec-cfc4-11e8-8dc5-001a7dda7111.jpg,0
./synthesis_images/340e5866-cfc4-11e8-a2ba-001a7dda7111.jpg,0
./synthesis_images/34125b48-cfc4-11e8-9533-001a7dda7111.jpg,0
./synthesis_images/34135728-cfc4-11e8-84c8-001a7dda7111.jpg,0
./synthesis_images/3414ee0c-cfc4-11e8-a653-001a7dda7111.jpg,0
./synthesis_images/3419c608-cfc4-11e8-9401-001a7dda7111.jpg,0
./synthesis_images/341dc8ee-cfc4-11e8-8381-001a7dda7111.jpg,1
./synthesis_images/341eb168-cfc4-11e8-80e3-001a7dda7111.jpg,1
./synthesis_images/34205bae-cfc4-11e8-aeea-001a7dda7111.jpg,1
./synthesis_images/3425204a-cfc4-11e8-89c8-001a7dda7111.jpg,1
./synthesis_images/342e0e92-cfc4-11e8-a483-001a7dda7111.jpg,0
./synthesis_images/342f57ec-cfc4-11e8-b51a-001a7dda7111.jpg,0
./synthesis_images/34314fb8-cfc4-11e8-b7fc-001a7dda7111.jpg,0
./synthesis_images/343c0ee8-cfc4-11e8-8a6f-001a7dda7111.jpg,0
./synthesis_images/3440fa4c-cfc4-11e8-81c1-001a7dda7111.jpg,0
./synthesis_images/3442304a-cfc4-11e8-ba4a-001a7dda7111.jpg,0
./synthesis_images/3443b3cc-cfc4-11e8-af9f-001a7dda7111.jpg,0
./synthesis_images/34483e48-cfc4-11e8-bb1c-001a7dda7111.jpg,0
./synthesis_images/344c8eae-cfc4-11e8-bfee-001a7dda7111.jpg,1
./synthesis_images/344e1228-cfc4-11e8-9920-001a7dda7111.jpg,1
./synthesis_images/344f95a8-cfc4-11e8-adca-001a7dda7111.jpg,1
./synthesis_images/3454a7c0-cfc4-11e8-8dca-001a7dda7111.jpg,1
./synthesis_images/3458aaa4-cfc4-11e8-ba14-001a7dda7111.jpg,0
./synthesis_images/3459a686-cfc4-11e8-9ef6-001a7dda7111.jpg,0
./synthesis_images/345b3d5e-cfc4-11e8-8e24-001a7dda7111.jpg,0
./synthesis_images/345f6702-cfc4-11e8-a1bc-001a7dda7111.jpg,0
./synthesis_images/3463b762-cfc4-11e8-83f2-001a7dda7111.jpg,0
./synthesis_images/34649fe2-cfc4-11e8-91c7-001a7dda7111.jpg,0
./synthesis_images/34662364-cfc4-11e8-b4d0-001a7dda7111.jpg,0
./synthesis_images/3469ff7e-cfc4-11e8-9138-001a7dda7111.jpg,0
./synthesis_images/346f2500-cfc4-11e8-9353-001a7dda7111.jpg,0
./synthesis_images/347020dc-cfc4-11e8-9230-001a7dda7111.jpg,0
./synthesis_images/34717d9c-cfc4-11e8-8cf8-001a7dda7111.jpg,0
./synthesis_images/347559b8-cfc4-11e8-9922-001a7dda7111.jpg,0
./synthesis_images/3478fbb6-cfc4-11e8-b9b2-001a7dda7111.jpg,0
./synthesis_images/3479e436-cfc4-11e8-a985-001a7dda7111.jpg,0
./synthesis_images/347b40f6-cfc4-11e8-84a9-001a7dda7111.jpg,0
./synthesis_images/347ee2f6-cfc4-11e8-b8be-001a7dda7111.jpg,0
./synthesis_images/3483e1c0-cfc4-11e8-9ab9-001a7dda7111.jpg,0
./synthesis_images/348551dc-cfc4-11e8-b002-001a7dda7111.jpg,0
./synthesis_images/3487e498-cfc4-11e8-a7aa-001a7dda7111.jpg,0
./synthesis_images/348d4434-cfc4-11e8-a186-001a7dda7111.jpg,0
./synthesis_images/3491bb5a-cfc4-11e8-a024-001a7dda7111.jpg,0
./synthesis_images/3492b742-cfc4-11e8-b54f-001a7dda7111.jpg,0
./synthesis_images/349413f4-cfc4-11e8-891d-001a7dda7111.jpg,0
./synthesis_images/3498037a-cfc4-11e8-8f88-001a7dda7111.jpg,0
./synthesis_images/349c6734-cfc4-11e8-b93e-001a7dda7111.jpg,0
./synthesis_images/349d4fba-cfc4-11e8-bb81-001a7dda7111.jpg,0
./synthesis_images/349eac76-cfc4-11e8-ad11-001a7dda7111.jpg,0
./synthesis_images/34a29bf6-cfc4-11e8-924b-001a7dda7111.jpg,0
./synthesis_images/34a69ed2-cfc4-11e8-a9e1-001a7dda7111.jpg,0
./synthesis_images/34a78752-cfc4-11e8-aec4-001a7dda7111.jpg,0
./synthesis_images/34a8f774-cfc4-11e8-baa6-001a7dda7111.jpg,0
./synthesis_images/34acaccc-cfc4-11e8-8ad1-001a7dda7111.jpg,0
./synthesis_images/34b0afba-cfc4-11e8-8846-001a7dda7111.jpg,1
./synthesis_images/34b19834-cfc4-11e8-aa63-001a7dda7111.jpg,1
./synthesis_images/34b2f4f4-cfc4-11e8-9aa3-001a7dda7111.jpg,1
./synthesis_images/34b6bdb0-cfc4-11e8-bf7d-001a7dda7111.jpg,1
./synthesis_images/34ba866e-cfc4-11e8-849a-001a7dda7111.jpg,0
./synthesis_images/34bb8254-cfc4-11e8-a557-001a7dda7111.jpg,0
./synthesis_images/34bcdf10-cfc4-11e8-8bca-001a7dda7111.jpg,0
./synthesis_images/34c0bb2e-cfc4-11e8-b37e-001a7dda7111.jpg,0
./synthesis_images/34c4aaae-cfc4-11e8-84e6-001a7dda7111.jpg,0
./synthesis_images/34c5932e-cfc4-11e8-8148-001a7dda7111.jpg,0
./synthesis_images/34c70358-cfc4-11e8-b869-001a7dda7111.jpg,0
./synthesis_images/34cab8a8-cfc4-11e8-a409-001a7dda7111.jpg,0
./synthesis_images/34cef5b0-cfc4-11e8-b8ec-001a7dda7111.jpg,1
./synthesis_images/34d004ee-cfc4-11e8-b59a-001a7dda7111.jpg,1
./synthesis_images/34d21010-cfc4-11e8-a84d-001a7dda7111.jpg,1
./synthesis_images/34d673ca-cfc4-11e8-bb4a-001a7dda7111.jpg,1
./synthesis_images/34da9d6e-cfc4-11e8-aa34-001a7dda7111.jpg,1
./synthesis_images/34db994c-cfc4-11e8-9809-001a7dda7111.jpg,1
./synthesis_images/34dd6a4a-cfc4-11e8-afb2-001a7dda7111.jpg,1
./synthesis_images/34e22eec-cfc4-11e8-9cb3-001a7dda7111.jpg,1
./synthesis_images/34e6f38a-cfc4-11e8-988e-001a7dda7111.jpg,0
./synthesis_images/34e7ef70-cfc4-11e8-8f32-001a7dda7111.jpg,0
./synthesis_images/34e95f8a-cfc4-11e8-b7fe-001a7dda7111.jpg,0
./synthesis_images/34edea0c-cfc4-11e8-8e56-001a7dda7111.jpg,0
./synthesis_images/34f26126-cfc4-11e8-9263-001a7dda7111.jpg,1
./synthesis_images/34f35d08-cfc4-11e8-8ada-001a7dda7111.jpg,1
./synthesis_images/34f4e086-cfc4-11e8-9d76-001a7dda7111.jpg,1
./synthesis_images/34f8bca6-cfc4-11e8-b16b-001a7dda7111.jpg,1
./synthesis_images/34fc98c6-cfc4-11e8-871d-001a7dda7111.jpg,0
./synthesis_images/34fd6de8-cfc4-11e8-b8d9-001a7dda7111.jpg,0
./synthesis_images/34fede02-cfc4-11e8-91c9-001a7dda7111.jpg,0
./synthesis_images/3502a6c0-cfc4-11e8-bfbd-001a7dda7111.jpg,0
./synthesis_images/3506a9a8-cfc4-11e8-b3e3-001a7dda7111.jpg,0
./synthesis_images/3507a586-cfc4-11e8-b054-001a7dda7111.jpg,0
./synthesis_images/350989e2-cfc4-11e8-9183-001a7dda7111.jpg,0
./synthesis_images/350e0106-cfc4-11e8-8c3e-001a7dda7111.jpg,0
./synthesis_images/35123e02-cfc4-11e8-9475-001a7dda7111.jpg,1
./synthesis_images/3513132c-cfc4-11e8-aad9-001a7dda7111.jpg,1
./synthesis_images/351496ae-cfc4-11e8-8583-001a7dda7111.jpg,1
./synthesis_images/3518c042-cfc4-11e8-ace6-001a7dda7111.jpg,1
./synthesis_images/351ce9e8-cfc4-11e8-9c95-001a7dda7111.jpg,1
./synthesis_images/351dbf06-cfc4-11e8-9f6f-001a7dda7111.jpg,1
./synthesis_images/351f1bba-cfc4-11e8-9665-001a7dda7111.jpg,1
./synthesis_images/3522e47e-cfc4-11e8-a7f7-001a7dda7111.jpg,1
./synthesis_images/3526d402-cfc4-11e8-b406-001a7dda7111.jpg,0
./synthesis_images/3527bc80-cfc4-11e8-8645-001a7dda7111.jpg,0
./synthesis_images/3529193a-cfc4-11e8-b9ab-001a7dda7111.jpg,0
./synthesis_images/3531e0b8-cfc4-11e8-9106-001a7dda7111.jpg,0
./synthesis_images/35366b46-cfc4-11e8-92ae-001a7dda7111.jpg,1
./synthesis_images/35378dde-cfc4-11e8-9752-001a7dda7111.jpg,1
./synthesis_images/35391162-cfc4-11e8-8484-001a7dda7111.jpg,1
./synthesis_images/353d3af8-cfc4-11e8-a0a7-001a7dda7111.jpg,1
./synthesis_images/35412a78-cfc4-11e8-b6d0-001a7dda7111.jpg,0
./synthesis_images/3542265e-cfc4-11e8-b9ef-001a7dda7111.jpg,0
./synthesis_images/35439678-cfc4-11e8-b100-001a7dda7111.jpg,0
./synthesis_images/354847c0-cfc4-11e8-833a-001a7dda7111.jpg,0
./synthesis_images/354c23d8-cfc4-11e8-877d-001a7dda7111.jpg,0
./synthesis_images/354d1fba-cfc4-11e8-bf3d-001a7dda7111.jpg,0
./synthesis_images/354ea336-cfc4-11e8-ad44-001a7dda7111.jpg,0
./synthesis_images/35526bf6-cfc4-11e8-a284-001a7dda7111.jpg,0
./synthesis_images/35560df6-cfc4-11e8-b9a4-001a7dda7111.jpg,0
./synthesis_images/355709dc-cfc4-11e8-af2c-001a7dda7111.jpg,0
./synthesis_images/35586694-cfc4-11e8-b63d-001a7dda7111.jpg,0
./synthesis_images/355c6974-cfc4-11e8-9fcf-001a7dda7111.jpg,0
./synthesis_images/356058f4-cfc4-11e8-9e7f-001a7dda7111.jpg,0
./synthesis_images/35614174-cfc4-11e8-9c5d-001a7dda7111.jpg,0
./synthesis_images/35629e34-cfc4-11e8-8572-001a7dda7111.jpg,0
./synthesis_images/356701f8-cfc4-11e8-b721-001a7dda7111.jpg,0
./synthesis_images/356b04d2-cfc4-11e8-b324-001a7dda7111.jpg,0
./synthesis_images/356bed54-cfc4-11e8-a39c-001a7dda7111.jpg,0
./synthesis_images/356d4a12-cfc4-11e8-952e-001a7dda7111.jpg,0
./synthesis_images/357173b8-cfc4-11e8-b6a3-001a7dda7111.jpg,0
./synthesis_images/357589f8-cfc4-11e8-aec1-001a7dda7111.jpg,1
./synthesis_images/357685d4-cfc4-11e8-9ec0-001a7dda7111.jpg,1
./synthesis_images/3577e290-cfc4-11e8-a9c6-001a7dda7111.jpg,1
./synthesis_images/357be56e-cfc4-11e8-9ca0-001a7dda7111.jpg,1
./synthesis_images/3581f376-cfc4-11e8-81bf-001a7dda7111.jpg,0
./synthesis_images/358302b0-cfc4-11e8-b043-001a7dda7111.jpg,0
./synthesis_images/3584e71e-cfc4-11e8-8d67-001a7dda7111.jpg,0
./synthesis_images/35894ad4-cfc4-11e8-9540-001a7dda7111.jpg,0
./synthesis_images/358de8b0-cfc4-11e8-b8a2-001a7dda7111.jpg,0
./synthesis_images/358ef7f8-cfc4-11e8-a403-001a7dda7111.jpg,0
./synthesis_images/35906812-cfc4-11e8-98f8-001a7dda7111.jpg,0
./synthesis_images/3594b86c-cfc4-11e8-bb2b-001a7dda7111.jpg,0
./synthesis_images/35999070-cfc4-11e8-b00a-001a7dda7111.jpg,0
./synthesis_images/359a6590-cfc4-11e8-aec3-001a7dda7111.jpg,0
./synthesis_images/359c0fca-cfc4-11e8-92ac-001a7dda7111.jpg,0
./synthesis_images/359fff50-cfc4-11e8-9c05-001a7dda7111.jpg,0
./synthesis_images/35a4158a-cfc4-11e8-8b14-001a7dda7111.jpg,0
./synthesis_images/35a4fe12-cfc4-11e8-91cf-001a7dda7111.jpg,0
./synthesis_images/35a694ee-cfc4-11e8-b1f1-001a7dda7111.jpg,0
./synthesis_images/35aad1ee-cfc4-11e8-a8b9-001a7dda7111.jpg,0
./synthesis_images/35af96d4-cfc4-11e8-9614-001a7dda7111.jpg,0
./synthesis_images/35b07f0c-cfc4-11e8-932b-001a7dda7111.jpg,0
./synthesis_images/35b26368-cfc4-11e8-99c0-001a7dda7111.jpg,0
./synthesis_images/35be7f62-cfc4-11e8-8d93-001a7dda7111.jpg,0
./synthesis_images/35c7202e-cfc4-11e8-97ce-001a7dda7111.jpg,1
./synthesis_images/35c82f68-cfc4-11e8-a8a0-001a7dda7111.jpg,1
./synthesis_images/35ca13c6-cfc4-11e8-ac08-001a7dda7111.jpg,1
./synthesis_images/35d1cc06-cfc4-11e8-a127-001a7dda7111.jpg,1
./synthesis_images/35d5f5a4-cfc4-11e8-b8f6-001a7dda7111.jpg,1
./synthesis_images/35d6de24-cfc4-11e8-b52d-001a7dda7111.jpg,1
./synthesis_images/35d84e50-cfc4-11e8-bf04-001a7dda7111.jpg,1
./synthesis_images/35dc1706-cfc4-11e8-8dc0-001a7dda7111.jpg,1
./synthesis_images/35dff324-cfc4-11e8-9295-001a7dda7111.jpg,0
./synthesis_images/35e0ef06-cfc4-11e8-af05-001a7dda7111.jpg,0
./synthesis_images/35e25f24-cfc4-11e8-bc6d-001a7dda7111.jpg,0
./synthesis_images/35e63b40-cfc4-11e8-988b-001a7dda7111.jpg,0
./synthesis_images/35e9c9e6-cfc4-11e8-ab22-001a7dda7111.jpg,0
./synthesis_images/35eab262-cfc4-11e8-a0c4-001a7dda7111.jpg,0
./synthesis_images/35ec0f1e-cfc4-11e8-8679-001a7dda7111.jpg,0
./synthesis_images/35efc482-cfc4-11e8-ac70-001a7dda7111.jpg,0
./synthesis_images/35f379dc-cfc4-11e8-b60e-001a7dda7111.jpg,0
./synthesis_images/35f48924-cfc4-11e8-8bc6-001a7dda7111.jpg,0
./synthesis_images/35f5e5dc-cfc4-11e8-b323-001a7dda7111.jpg,0
./synthesis_images/35f9d55c-cfc4-11e8-8bb8-001a7dda7111.jpg,0
./synthesis_images/35fdeb9e-cfc4-11e8-ba7e-001a7dda7111.jpg,0
./synthesis_images/35fed41e-cfc4-11e8-a9f0-001a7dda7111.jpg,0
./synthesis_images/36001d7a-cfc4-11e8-ad87-001a7dda7111.jpg,0
./synthesis_images/3603f99e-cfc4-11e8-b7fe-001a7dda7111.jpg,0
./synthesis_images/3607d5c2-cfc4-11e8-b3c8-001a7dda7111.jpg,1
./synthesis_images/3608d19c-cfc4-11e8-bc20-001a7dda7111.jpg,1
./synthesis_images/360a41ba-cfc4-11e8-a79f-001a7dda7111.jpg,1
./synthesis_images/360e0a7a-cfc4-11e8-b973-001a7dda7111.jpg,1
./synthesis_images/3614795a-cfc4-11e8-83c7-001a7dda7111.jpg,0
./synthesis_images/3615753e-cfc4-11e8-9761-001a7dda7111.jpg,0
./synthesis_images/3616d1f6-cfc4-11e8-b739-001a7dda7111.jpg,0
./synthesis_images/361a9ab6-cfc4-11e8-a405-001a7dda7111.jpg,0
./synthesis_images/361efe7e-cfc4-11e8-ae16-001a7dda7111.jpg,0
./synthesis_images/361fd39c-cfc4-11e8-851b-001a7dda7111.jpg,0
./synthesis_images/36213054-cfc4-11e8-91a0-001a7dda7111.jpg,0
./synthesis_images/362559f6-cfc4-11e8-83ca-001a7dda7111.jpg,0
./synthesis_images/3628fbf6-cfc4-11e8-b3cb-001a7dda7111.jpg,1
./synthesis_images/3629e480-cfc4-11e8-bb4b-001a7dda7111.jpg,1
./synthesis_images/362b4136-cfc4-11e8-a9c4-001a7dda7111.jpg,1
./synthesis_images/362f1d52-cfc4-11e8-b1e2-001a7dda7111.jpg,1
./synthesis_images/3632e614-cfc4-11e8-a471-001a7dda7111.jpg,1
./synthesis_images/3633ce98-cfc4-11e8-a56c-001a7dda7111.jpg,1
./synthesis_images/36352b54-cfc4-11e8-a94f-001a7dda7111.jpg,1
./synthesis_images/363a6434-cfc4-11e8-a631-001a7dda7111.jpg,1
./synthesis_images/363f28d0-cfc4-11e8-b225-001a7dda7111.jpg,0
./synthesis_images/36401152-cfc4-11e8-808e-001a7dda7111.jpg,0
./synthesis_images/36418174-cfc4-11e8-9007-001a7dda7111.jpg,0
./synthesis_images/3645be74-cfc4-11e8-9bde-001a7dda7111.jpg,0
./synthesis_images/36498734-cfc4-11e8-a6bc-001a7dda7111.jpg,0
./synthesis_images/364a8310-cfc4-11e8-b258-001a7dda7111.jpg,0
./synthesis_images/364bf334-cfc4-11e8-83cc-001a7dda7111.jpg,0
./synthesis_images/36509112-cfc4-11e8-97f1-001a7dda7111.jpg,0
./synthesis_images/3659b96e-cfc4-11e8-8810-001a7dda7111.jpg,0
./synthesis_images/365ac8b4-cfc4-11e8-b9a4-001a7dda7111.jpg,0
./synthesis_images/365c4c30-cfc4-11e8-bfa6-001a7dda7111.jpg,0
./synthesis_images/3660ea0c-cfc4-11e8-ab2b-001a7dda7111.jpg,0
./synthesis_images/366c1d8c-cfc4-11e8-a88e-001a7dda7111.jpg,0
./synthesis_images/367265ae-cfc4-11e8-94a7-001a7dda7111.jpg,0
./synthesis_images/36750bc8-cfc4-11e8-a83a-001a7dda7111.jpg,0
./synthesis_images/3683e14c-cfc4-11e8-ad03-001a7dda7111.jpg,0
./synthesis_images/36e7b4dc-cfc4-11e8-922c-001a7dda7111.jpg,1
./synthesis_images/36e8b0ba-cfc4-11e8-a53d-001a7dda7111.jpg,1
./synthesis_images/36ea3436-cfc4-11e8-bf38-001a7dda7111.jpg,1
./synthesis_images/36ef0c38-cfc4-11e8-a29a-001a7dda7111.jpg,1
./synthesis_images/36f335d8-cfc4-11e8-a237-001a7dda7111.jpg,0
./synthesis_images/36f40af8-cfc4-11e8-8ec0-001a7dda7111.jpg,0
./synthesis_images/36f57b18-cfc4-11e8-ab83-001a7dda7111.jpg,0
./synthesis_images/36f97df6-cfc4-11e8-bbbd-001a7dda7111.jpg,0
./synthesis_images/36fda798-cfc4-11e8-b0c4-001a7dda7111.jpg,0
./synthesis_images/36fea376-cfc4-11e8-af2f-001a7dda7111.jpg,0
./synthesis_images/37001392-cfc4-11e8-8e27-001a7dda7111.jpg,0
./synthesis_images/3703efb0-cfc4-11e8-ac1a-001a7dda7111.jpg,0
./synthesis_images/3707b878-cfc4-11e8-9ba8-001a7dda7111.jpg,0
./synthesis_images/3708b45c-cfc4-11e8-b9f9-001a7dda7111.jpg,0
./synthesis_images/370a2474-cfc4-11e8-924e-001a7dda7111.jpg,0
./synthesis_images/370ded30-cfc4-11e8-846d-001a7dda7111.jpg,0
./synthesis_images/3711c954-cfc4-11e8-a249-001a7dda7111.jpg,0
./synthesis_images/37129e7a-cfc4-11e8-baa9-001a7dda7111.jpg,0
./synthesis_images/3713fb34-cfc4-11e8-9f3d-001a7dda7111.jpg,0
./synthesis_images/3717fe10-cfc4-11e8-b2b6-001a7dda7111.jpg,0
./synthesis_images/371bda30-cfc4-11e8-85ae-001a7dda7111.jpg,0
./synthesis_images/371cc2b6-cfc4-11e8-a3b7-001a7dda7111.jpg,0
./synthesis_images/371e598c-cfc4-11e8-a234-001a7dda7111.jpg,0
./synthesis_images/37225c6e-cfc4-11e8-9b8d-001a7dda7111.jpg,0
./synthesis_images/37262534-cfc4-11e8-9436-001a7dda7111.jpg,0
./synthesis_images/37270dae-cfc4-11e8-b121-001a7dda7111.jpg,0
./synthesis_images/37287dd2-cfc4-11e8-89cd-001a7dda7111.jpg,0
./synthesis_images/372c4690-cfc4-11e8-a989-001a7dda7111.jpg,0
./synthesis_images/372ffbec-cfc4-11e8-818b-001a7dda7111.jpg,0
./synthesis_images/3730e474-cfc4-11e8-b7ce-001a7dda7111.jpg,0
./synthesis_images/3732548a-cfc4-11e8-9a37-001a7dda7111.jpg,0
./synthesis_images/3736440a-cfc4-11e8-a0ff-001a7dda7111.jpg,0
./synthesis_images/37419e52-cfc4-11e8-beaa-001a7dda7111.jpg,0
./synthesis_images/37454050-cfc4-11e8-bba0-001a7dda7111.jpg,0
./synthesis_images/37473812-cfc4-11e8-928f-001a7dda7111.jpg,0
./synthesis_images/374e5548-cfc4-11e8-a9e4-001a7dda7111.jpg,0
./synthesis_images/375f0f26-cfc4-11e8-b9cf-001a7dda7111.jpg,1
./synthesis_images/375ff7a6-cfc4-11e8-8e27-001a7dda7111.jpg,1
./synthesis_images/37615464-cfc4-11e8-b82c-001a7dda7111.jpg,1
./synthesis_images/37656a9e-cfc4-11e8-88bc-001a7dda7111.jpg,1
./synthesis_images/37693368-cfc4-11e8-8173-001a7dda7111.jpg,0
./synthesis_images/376a1bec-cfc4-11e8-b5c0-001a7dda7111.jpg,0
./synthesis_images/376b8c08-cfc4-11e8-bc1c-001a7dda7111.jpg,0
./synthesis_images/376fa240-cfc4-11e8-97a4-001a7dda7111.jpg,0
./synthesis_images/37737e66-cfc4-11e8-84c3-001a7dda7111.jpg,0
./synthesis_images/37748da6-cfc4-11e8-b3b1-001a7dda7111.jpg,0
./synthesis_images/37761122-cfc4-11e8-b700-001a7dda7111.jpg,0
./synthesis_images/377a3ac6-cfc4-11e8-af18-001a7dda7111.jpg,0
